이름,우편번호,주소,상세주소,전화번호,이메일
이영자,20182,제주특별자치도 청양군 선릉로 974 (정순이읍),아름장마을 Y동 646호,062-332-0352,wbag@example.org
박민서,85425,세종특별자치시 서초구 오금로 902,영환황윤마을,017-746-6256,bseong@example.net
구민서,86553,전라북도 청주시 상당구 백제고분04가 700-86 (지후문이리),서영이타운,053-448-3941,hyejini@example.com
박은정,13645,강원도 고성군 학동46길 462-40 (민서김동),성현박타운,055-748-6407,seonghuncoe@example.org
정은정,12115,경기도 원주시 압구정길 지하51,선영강아파트,061-120-1525,gangjihu@example.com
김정식,53626,충청남도 부천시 서초중앙6길 614-24 (지민서면),민수이홍마을 293호,042-340-1379,pyun@example.net
류영희,78577,대구광역시 노원구 서초대300길 824-49,영진백타운,054-275-7860,sangceol20@example.net
김명숙,78905,경기도 청주시 청원구 도산대999로 39-27 (수민이리),지영김이타운,032-173-3303,seunghyeon77@example.net
김주원,74057,서울특별시 용산구 잠실00거리 762-20 (은주김면),경숙김타워 039호,044-710-2613,yeongsug08@example.com
이영식,07947,세종특별자치시 남구 논현453길 274 (성현최김마을),정훈박마을 M동 675호,011-016-4192,caeweonryu@example.com
황영수,64208,경기도 광주시 영동대3거리 22 (영희권동),영수김김타운 B동 605호,019-701-4659,gimgwangsu@example.com
엄지현,77552,부산광역시 중랑구 가락077가 지하905 (경희김박마을),지은강마을,031-737-0356,gimeunji@example.net
이상훈,19834,광주광역시 양천구 오금080가 146,숙자문연립 203호,019-319-9636,yeongjinhwang@example.com
곽우진,18621,경상북도 수원시 장안구 압구정3거리 478,정호백이연립,053-974-8856,iareum@example.net
구영희,39024,제주특별자치도 안성시 서초대1가 661,민서최심아파트 531호,054-861-6395,yujin95@example.org
김옥자,86269,광주광역시 북구 양재천가 지하428 (경희한면),은서황이빌라 945호,019-725-9956,seonghun59@example.org
권예은,49398,경상북도 양주시 역삼길 798,성수이이타워 720호,062-923-9723,sanghun26@example.com
김지혜,52049,대구광역시 남구 양재천가 622 (민석김장리),윤서이빌라,053-330-9778,seoyeong81@example.net
안현정,49221,대구광역시 동구 테헤란72가 608-98,정훈허타워,018-429-1773,iyeongsun@example.com
장은주,22870,대구광역시 성동구 영동대90가 177-29 (순자홍동),정훈김김빌라 227호,055-586-1534,yeongsun71@example.org
서서연,12881,부산광역시 동구 강남대52길 790 (서영허면),순자윤타운 S동 692호,031-020-5551,ijeonghun@example.com
심은경,28064,서울특별시 서대문구 영동대165로 387-43 (정식김김동),상철최박마을,010-7744-6335,yeongceolsim@example.org
안지연,01602,제주특별자치도 안산시 상록구 강남대85로 622,현숙강타워,062-171-4614,doyunseo@example.net
김준혁,97115,세종특별자치시 중구 논현04로 187 (은영권면),은지김연립,033-592-7900,jinugim@example.net
배민재,91891,대전광역시 구로구 반포대길 935-75 (영숙신리),채원김이연립 414호,064-746-2400,eunji28@example.com
김재호,75276,강원도 아산시 백제고분70로 144,지후장타운 757호,063-959-3374,oi@example.org
박건우,73797,경상북도 천안시 서북구 잠실78거리 906 (윤서김안리),영철심연립 759호,053-475-4826,ijihun@example.org
이미숙,05303,대전광역시 강서구 오금길 786-85 (명숙정동),성호박류빌라 313호,018-267-4774,uyun@example.com
이아름,80825,세종특별자치시 중랑구 봉은사4길 463-43,영자김김연립,044-063-1273,donghyeongim@example.org
박명자,19372,세종특별자치시 양천구 개포거리 760,순자주류타워 D동 739호,063-587-3689,minseog46@example.com
이정남,92399,경상북도 고양시 압구정4가 959 (경숙남남면),성훈김이아파트 526호,054-400-1811,gimbyeongceol@example.com
백정수,42907,서울특별시 동대문구 양재천508가 428,민준윤마을 Q동 487호,044-867-6389,hyeonu03@example.com
이상현,06252,세종특별자치시 송파구 강남대가 446 (예은이최읍),하윤신김타워,062-392-2376,gimsunja@example.org
이도현,53242,세종특별자치시 성동구 논현가 지하970 (유진임배면),미숙박타워 마동 976호,070-8581-4967,gimseohyeon@example.net
박지우,99127,울산광역시 마포구 영동대03거리 854,현준박타운,063-998-2546,bagmiyeong@example.org
이유진,78086,제주특별자치도 용인시 처인구 석촌호수길 322,성호전곽아파트 W동 582호,062-358-7350,xhan@example.com
우지아,30240,경기도 청주시 상당구 선릉038로 530-75,준혁이타워 S동 083호,02-9263-7629,oyeweon@example.org
박은경,67970,서울특별시 금천구 석촌호수499가 955-49,은경황고마을 B동 162호,070-4007-5066,seonyeong51@example.org
정보람,03081,대구광역시 동구 학동가 지하57,영자박빌라,010-2050-7694,yeongil26@example.com
박지민,83909,서울특별시 마포구 오금618거리 지하841,승민이마을 O동 675호,018-283-3497,minsu16@example.org
김중수,40745,제주특별자치도 천안시 서북구 학동가 894-21 (종수김리),도현김민타운 W동 721호,019-626-3069,jeongsun64@example.com
김정자,90710,제주특별자치도 포천시 오금3로 지하360,수빈황연립,062-008-3543,gimhyeonjun@example.org
김수빈,07038,대전광역시 남구 강남대2길 574-67 (성호김김리),병철윤연립 Z동 330호,033-137-6842,dohyeon19@example.net
김민준,87472,경기도 아산시 서초중앙411길 497-33 (준호허백면),지원엄연립 F동 284호,032-045-0778,junhyeogi@example.org
김영자,69176,부산광역시 동대문구 잠실가 176,지연박노마을 200호,054-440-6571,eunji71@example.com
지건우,05047,대전광역시 강동구 반포대길 14,도윤박마을 Z동 066호,070-8236-3155,vi@example.com
서미영,97641,대구광역시 강동구 논현854길 211 (지연최마을),승현강타운 981호,053-582-4437,gimmigyeong@example.org
류정자,12105,경상남도 태안군 테헤란89길 지하928,성훈최고마을 273호,063-199-2096,dgim@example.com
박재현,28514,제주특별자치도 용인시 수지구 서초중앙312로 630-9 (명숙홍마을),민석양김연립 Y동 897호,042-522-5722,kjo@example.net
김명숙,70453,부산광역시 영등포구 서초중앙577가 799 (혜진박동),진우김김연립 I동 239호,02-5145-3524,kgim@example.net
황지민,47836,제주특별자치도 보은군 가락길 338,영미배임연립 998호,053-744-7542,yeonghwansim@example.com
김정숙,40204,경상북도 부천시 개포79로 574 (영길김이동),순옥이타워,052-750-0642,jiyeon12@example.org
배정호,06359,경상북도 공주시 봉은사로 424 (정순김박마을),경숙윤김빌라 Y동 581호,017-380-5483,bagyeongsug@example.com
오정숙,67406,서울특별시 성동구 선릉1거리 600-30,현우안타워 411호,042-112-7213,ogo@example.com
권영진,73858,전라북도 태백시 논현가 20-55 (은정이리),재호이타운,052-388-8840,jihuseo@example.com
김주원,24094,충청북도 원주시 반포대로 530,영숙곽빌라,055-933-8181,sujin15@example.org
주은주,52962,울산광역시 성동구 언주4로 15 (혜진김김면),지우민마을 나동 181호,070-2761-1235,jeondohyeon@example.com
이경숙,04567,강원도 영월군 언주길 733-95,상훈손연립 G동 989호,061-268-2914,gimhyeonu@example.org
홍영순,41607,경상남도 횡성군 삼성로 794,진호김서마을,054-567-6937,jihyegim@example.org
윤영길,32955,경기도 고성군 양재천627가 175-54 (광수이민마을),민서김연립,053-563-5191,agim@example.com
이서연,43682,충청남도 태백시 오금가 지하105 (승현박김동),정웅심마을 811호,02-6973-2523,yunjungsu@example.com
김준혁,88515,충청북도 여주시 영동대451로 375-55,상훈최연립,02-8765-4233,yeongja55@example.org
김하윤,34004,경상북도 금산군 반포대거리 지하218,우진김안타운,02-3010-9035,fgim@example.org
지지현,30774,경상남도 양주시 서초대가 596-85,하은최아파트 X동 931호,064-722-1321,jaehyeonryu@example.net
김지현,36359,충청북도 서천군 선릉길 859 (지후김리),영미이타운 R동 271호,02-0208-7366,caeweon53@example.com
신미정,22296,대전광역시 송파구 백제고분0거리 361-46 (현숙민진읍),보람김마을 B동 212호,016-901-4375,seonyeongi@example.net
송서영,67577,경기도 고양시 일산동구 석촌호수가 183-9,현숙이타운 64동 557호,010-7055-7255,hyeonjun67@example.net
김중수,17820,세종특별자치시 마포구 역삼5길 982,지연류류아파트 S동 064호,010-2823-4438,ijihun@example.com
류아름,86112,인천광역시 강남구 삼성가 913 (지아박동),영일허마을 169호,033-096-9154,yujinjo@example.org
강영미,30775,서울특별시 중랑구 봉은사87길 527-99,성진김빌라 Y동 104호,018-289-9053,ujin45@example.com
김우진,75779,경상북도 평택시 서초중앙거리 498,진호진타운 321호,064-755-2808,egim@example.com
이옥자,61044,대전광역시 금천구 가락9로 111 (지현최장읍),미정박김마을 533호,018-680-0803,rgim@example.com
박정숙,90629,전라남도 동두천시 반포대길 496 (하윤김백면),민석이마을 I동 372호,051-684-9062,jihyei@example.net
남서준,37397,제주특별자치도 부천시 오정구 압구정거리 755,우진문아파트 353호,019-699-4651,jeongnam34@example.net
김지아,10696,충청북도 동해시 논현거리 400 (미정이김동),예지이빌라 L동 733호,043-338-9621,miyeong14@example.net
김영호,75330,울산광역시 금천구 역삼4로 284-46 (예진이마을),진우허아파트 340호,016-222-8314,seoyeongim@example.org
백예진,03621,경상남도 파주시 잠실0길 642-20,영숙이아파트 547호,032-670-7390,minji74@example.com
이성민,12406,전라남도 양구군 삼성가 890-73,민서손빌라 823호,043-141-2189,eunyeong68@example.com
김우진,65358,경기도 수원시 반포대5길 166-28 (은경이동),민지이빌라,061-441-0307,jieungim@example.com
이경자,86104,경상남도 안양시 만안구 오금가 지하107 (옥순김김리),상철안빌라 852호,043-343-5004,ijeongsu@example.com
박상현,66667,대구광역시 중랑구 가락50가 지하407,상철서타운 F동 412호,053-729-3805,yeongil01@example.net
곽예원,35806,광주광역시 중랑구 가락길 977,지혜양연립 바동 191호,018-711-2947,gyeongja52@example.org
심종수,77768,부산광역시 성북구 개포9길 971 (예원윤김마을),영미김이타운 211호,063-324-2451,tbaeg@example.org
이지연,52931,광주광역시 관악구 개포8거리 741,현숙진장타운 U동 614호,052-705-2022,cha@example.com
장정자,74897,충청북도 충주시 서초대6길 586 (영환장리),서윤오김빌라 R동 467호,052-420-3710,gimminseo@example.net
이지우,18642,충청북도 아산시 석촌호수로 607,광수장타워 Z동 381호,044-880-2432,sangceol98@example.net
김지현,17593,서울특별시 성동구 백제고분길 223-99 (정훈최마을),종수김박타워 063호,061-739-2218,jeongungseong@example.org
이건우,89346,충청북도 음성군 강남대654로 120-88 (명자김김마을),수진이최타워,054-754-1486,seoyeonjin@example.org
한미영,09580,서울특별시 중구 압구정595가 지하410 (영호박동),수진류이마을,061-000-6201,jiweon90@example.org
김미영,33691,대전광역시 종로구 오금43거리 486 (영진김동),광수최타운,051-569-2595,sunog92@example.net
권서영,26104,충청북도 용인시 도산대길 272 (옥자안리),예원박이마을 108호,02-2382-6118,hayun97@example.org
한주원,67333,충청북도 군포시 강남대가 139 (영희이동),준호송연립,018-819-2033,jieun00@example.org
김중수,98326,충청남도 강릉시 논현481길 530-63,건우이연립,032-101-2724,oi@example.org
허예은,11060,대전광역시 동대문구 양재천거리 686-66,하은배빌라,061-543-0230,seongjin74@example.org
이상호,58679,경상북도 평창군 잠실길 765 (준영김리),영진김장아파트 나동 937호,011-300-8520,mcoe@example.com
김은정,31822,인천광역시 동작구 석촌호수거리 809-60 (영순이마을),현우이이아파트,02-7452-7337,honghyeonjun@example.org
김민준,17686,인천광역시 영등포구 언주거리 995 (아름김리),예지이이빌라,043-225-9350,sugja71@example.com
최준혁,82918,경기도 논산시 도산대122로 184 (성수이강면),지연이아파트,052-176-5327,bagjiu@example.org
박하윤,28362,경기도 성남시 반포대17로 702,성현구연립 323호,044-550-1236,ygim@example.org
이성진,10071,제주특별자치도 청주시 흥덕구 석촌호수길 765 (영순김최면),윤서김타워 T동 314호,018-989-5427,hyeonjeong52@example.net
권경숙,56599,경상남도 괴산군 석촌호수75거리 134-97 (지후양김읍),진우김마을 110호,063-020-8958,hyeonju54@example.com
조광수,14817,전라남도 안양시 서초대가 지하756 (정희김김마을),서윤이김아파트 844호,044-192-0056,qson@example.org
이영숙,71358,울산광역시 동대문구 테헤란4로 548-9 (유진안읍),명자박빌라 U동 502호,032-663-7973,yeonghoo@example.com
황서영,06036,광주광역시 동대문구 개포길 51 (영숙장박읍),유진이아파트 715호,017-379-5654,jiweon53@example.org
박아름,92253,세종특별자치시 동작구 강남대9길 580,경자심이연립 862호,017-677-5286,yejin82@example.com
김정희,90078,광주광역시 구로구 반포대거리 797 (지우배동),예준송진빌라 651호,031-109-0933,ieunji@example.net
문은서,92633,충청북도 양주시 압구정거리 지하625 (지은강김동),서윤손타운 C동 123호,043-382-3576,mijeongjo@example.com
박경희,68376,충청북도 영동군 개포6길 764 (정식김읍),지원박박타운,061-594-1696,jihyeon10@example.com
박옥자,97473,서울특별시 성동구 학동가 577,정훈윤아파트 398호,018-790-0668,eunjeong83@example.com
윤종수,58442,충청북도 춘천시 강남대096로 392 (민지박면),재호송타워 R동 718호,061-558-3580,donghyeon60@example.com
김서현,87849,광주광역시 광진구 역삼거리 307 (성훈장장리),명숙지마을 949호,019-634-6361,kna@example.org
한경자,12477,서울특별시 서대문구 석촌호수길 947-86,순자김빌라 239호,043-513-6928,iboram@example.org
박상철,07370,서울특별시 강북구 서초중앙471거리 727 (하윤이동),아름진타운 E동 861호,02-7928-7404,ujin56@example.net
박준서,22952,경기도 과천시 봉은사60거리 439-32,경숙박빌라 263호,070-9098-6589,kgim@example.net
김은주,59436,세종특별자치시 동대문구 언주57거리 454-45 (선영이한동),보람최빌라 X동 353호,010-2431-1101,jeongsigbag@example.org
오민지,46166,부산광역시 종로구 봉은사597길 694 (준혁김백동),은주최타운,017-807-7642,junyeong43@example.net
배유진,43476,대전광역시 동구 영동대72길 지하209,은지이빌라 P동 383호,017-820-0091,eunjii@example.net
최상철,97689,세종특별자치시 관악구 역삼09가 182-67 (승민성권리),병철류타운 578호,033-964-1335,iseunghyeon@example.net
김경자,66172,인천광역시 영등포구 백제고분가 지하822 (중수이읍),정자한연립,02-3870-6665,myeongjagim@example.org
고민석,05981,전라북도 고양시 선릉055로 796-90 (준서김김읍),영진강김타운 542호,011-271-4829,yeonghyi69@example.org
김정식,98154,경기도 동두천시 삼성가 489,상호박윤마을,031-231-4042,gju@example.org
한예원,67308,충청북도 하남시 삼성8가 189,정훈서마을,019-601-9477,yeweoni@example.com
이지현,00870,경기도 영동군 석촌호수로 지하12,정자김아파트,031-032-4813,jaehogim@example.com
강상철,69018,경상남도 속초시 서초대959길 162-77 (시우이김동),민서이아파트 029호,064-749-2501,junhohwang@example.net
최영철,60802,경상남도 시흥시 논현97로 지하646,주원김아파트 V동 401호,011-980-4803,seohyeon13@example.org
김영자,61557,충청북도 단양군 개포40거리 10,민재유이타운 가동 817호,018-807-5310,yeongsugi@example.com
김미정,84210,대전광역시 중구 삼성41가 490-64 (성수김김면),현주고빌라 I동 104호,032-502-0760,asong@example.com
김준서,64220,인천광역시 남구 테헤란가 232-79 (종수김면),채원박타운,011-325-6763,sonjiyeong@example.com
김서윤,65240,대전광역시 용산구 테헤란거리 969-45,정훈배아파트,042-325-5444,ijunho@example.org
김은정,30993,전라남도 성남시 중원구 서초중앙52로 434-45,준서김연립 H동 145호,018-971-0922,seojun53@example.com
류예원,32298,충청남도 양평군 개포로 107-57,숙자이연립,043-485-6486,tjeon@example.org
이경수,09790,제주특별자치도 여주시 강남대327로 640-30,경자최김타운 바동 374호,070-6633-8007,seonyeonggim@example.org
이정숙,39420,충청북도 단양군 잠실가 947-13 (지후김리),채원김타운,070-3537-8668,yeongsunbag@example.com
이하윤,98248,광주광역시 송파구 삼성26가 768,예원허김빌라,044-317-4287,jeongjahan@example.com
김보람,73613,충청남도 보령시 오금로 45-19 (진우강박읍),지후배타운 522호,064-709-0821,isanghun@example.net
김광수,32856,경상남도 청주시 서원구 도산대56가 180,진호김박연립 077호,02-9193-0107,idohyeon@example.net
구시우,70724,대구광역시 노원구 학동거리 367-79 (보람한동),미영오안연립,033-375-6783,jeongbyeongceol@example.org
강도현,75122,광주광역시 강동구 백제고분로 354-88 (정자이마을),정남권이타운 W동 584호,064-777-7496,songyeonghyi@example.org
이정식,86538,전라북도 영월군 삼성363길 638-9,건우최타운 399호,033-190-5398,jihugim@example.org
김영호,61844,대구광역시 관악구 압구정길 81-22 (현주심안동),지우조최마을 814호,019-690-8434,bagseongjin@example.net
고도윤,14120,전라남도 여주시 서초대205길 382 (현숙이김리),미영곽윤연립 538호,02-3514-2833,hyeonjeong80@example.org
이옥자,34573,충청남도 안산시 영동대289가 380-36 (윤서오안마을),동현김구아파트,070-6508-7660,jungsu63@example.com
나영수,65602,경상남도 수원시 팔달구 강남대826거리 15,도현박아파트,063-923-1850,coehyeonji@example.net
우재현,44797,경기도 김포시 가락144길 258,현정이배연립 609호,055-131-5905,yeonghyi34@example.net
황경자,17772,울산광역시 도봉구 서초대가 453-67,민석서안빌라 Q동 175호,043-569-6164,junyeong40@example.com
송정남,73774,경기도 포천시 잠실가 296,옥자한송마을,031-060-2073,yeeun39@example.com
박지현,75772,인천광역시 서구 학동가 920,성수지빌라,044-996-5969,li@example.net
장옥순,33207,충청북도 용인시 처인구 반포대로 535-71 (지현윤김마을),경자배강마을 W동 590호,019-822-5411,yeongjagweon@example.org
최준서,11698,서울특별시 중랑구 테헤란4가 338-38,지아김빌라,052-738-9217,myeongsug39@example.com
성도현,74159,전라북도 홍성군 도산대80로 502,정호김김아파트,017-596-6837,zgim@example.com
김우진,01846,경기도 횡성군 압구정63로 198-56,예원송송연립 404호,044-276-7170,ihayun@example.net
김영호,80357,대구광역시 서대문구 개포031가 257-86,하은장마을 P동 458호,032-903-0561,munjeongsug@example.com
김지현,87982,부산광역시 중랑구 개포길 76,정희이박연립 882호,053-794-9290,aseo@example.org
박상철,82377,대구광역시 북구 도산대거리 825-74,미정김안마을 292호,051-934-9414,yeongsunbae@example.com
김상철,35662,경상북도 청주시 청원구 반포대가 597-73 (영식노이면),상호김김연립,010-0319-8442,byeongceolim@example.com
이병철,51518,제주특별자치도 제천시 백제고분거리 지하507,정수김타워,032-663-4815,yeonghwan76@example.net
류상호,76986,경상남도 수원시 영통구 압구정05로 41-31 (은서박면),현주배이타운,042-177-7518,ji@example.com
이종수,16859,제주특별자치도 여주시 학동로 752 (서연민동),영길성손마을 479호,018-922-6302,songseoyeong@example.com
서예준,85601,경상북도 수원시 영동대길 403-34 (지민송마을),현지박빌라,033-192-4702,baghyeonsug@example.com
신영호,96390,인천광역시 서대문구 백제고분거리 154,지원구김타워 C동 093호,031-059-4838,cbag@example.com
박옥자,56104,경상남도 논산시 도산대796가 지하495 (예진허이리),은서박김마을 Q동 427호,052-156-4294,vi@example.org
이지은,79551,강원도 남양주시 역삼61로 517 (경숙이마을),미숙김타운,055-578-1861,vseo@example.net
이정수,87487,부산광역시 중구 학동가 316 (재호권읍),진우이빌라,010-0251-8423,jeongsugim@example.net
최성진,89023,제주특별자치도 화천군 서초중앙513가 60-77,경수이백아파트 D동 799호,064-744-6827,gimogsun@example.com
구정순,53633,세종특별자치시 동대문구 석촌호수226거리 37-62 (채원이면),춘자박황연립 Z동 306호,010-5251-6800,gimseoyeong@example.org
김하은,49962,부산광역시 강북구 선릉길 588-90,재현한김빌라 Y동 020호,010-8528-0251,byeongceoli@example.com
이윤서,99599,인천광역시 관악구 학동47가 853-82,준서성빌라 393호,054-668-3049,seoyeongim@example.net
이우진,93934,충청북도 고양시 일산서구 언주가 533 (경수이강마을),준영김연립 219호,019-148-2098,juweon21@example.com
박상철,78010,경상남도 성남시 분당구 강남대5거리 931-4 (민준배동),명자박구아파트 S동 472호,02-9006-2736,jgim@example.org
유준호,89446,경상남도 성남시 중원구 봉은사4거리 지하85,혜진이마을,055-097-8936,junseo15@example.net
문민서,93287,부산광역시 성동구 석촌호수거리 155,유진김강마을,043-189-6481,nameunseo@example.org
이동현,23957,전라북도 서산시 삼성가 334-7 (정수김리),상철양박타운,017-309-5219,seoyeon48@example.net
조경희,17468,경기도 춘천시 잠실가 691-92,서현김황타운 마동 964호,061-179-4942,yeonggil40@example.net
송영철,46873,강원도 평창군 선릉길 190-54 (숙자조이리),은서배엄마을 마동 674호,041-177-7869,nna@example.org
류옥자,72738,충청북도 춘천시 테헤란37거리 160 (춘자류강읍),민수우김타워 760호,031-728-8032,seongjini@example.com
김상호,20607,경상북도 화천군 서초대가 497,진호김이빌라,011-888-0271,geonujeon@example.org
하예은,21582,울산광역시 강동구 반포대443길 811-64 (수빈최리),준혁김진연립 028호,031-840-2261,egim@example.org
이종수,01628,인천광역시 강남구 서초대거리 391 (시우노장마을),지은하박타워 Z동 650호,02-9263-2517,hyeonsuggim@example.net
문예지,63104,제주특별자치도 하남시 역삼007로 지하302 (영진박정마을),경숙엄최빌라,063-200-9250,jinhocoe@example.net
박영미,23178,충청남도 부여군 강남대146거리 708 (성수문읍),미숙박타워,055-971-4012,jihyegweon@example.com
지영수,31854,제주특별자치도 용인시 처인구 서초대5로 232-8,준호김빌라 121호,062-909-0166,vgim@example.net
박순자,14733,세종특별자치시 강서구 오금거리 73 (영호이마을),수민오빌라,062-719-4395,dcoe@example.org
김성현,11576,경상북도 제천시 선릉로 554 (옥순조이마을),윤서이하타운 174호,041-596-5812,jihun12@example.com
주지연,57987,충청남도 광주시 강남대로 790-58,아름백빌라,064-784-2237,hca@example.org
이아름,87987,서울특별시 동작구 논현거리 15-47,은경김아파트 415호,053-868-1417,jangogja@example.net
오은지,91170,인천광역시 용산구 압구정0거리 710-4,지우이권타워 K동 387호,019-235-1756,dan@example.com
문상호,16134,세종특별자치시 서구 도산대로 496-25,예준김아파트 S동 370호,011-870-4777,ujang@example.net
송영미,54432,충청북도 속초시 논현길 8-26 (지우하면),수빈김빌라,052-924-3167,ujincoe@example.net
이영길,63457,강원도 제천시 개포거리 85-91,예은김박아파트 마동 484호,054-928-0352,hyeonsugbag@example.net
최서현,60842,경상남도 안양시 서초대2가 939-6 (은정오이리),지혜김마을 537호,052-683-5519,gimyeeun@example.org
한민준,52718,광주광역시 서초구 서초중앙142가 575-68 (은영최백동),병철김타운 가동 220호,044-504-9177,jeonghyi70@example.net
권현정,48992,경기도 가평군 역삼895거리 338 (영철안김동),미영임연립 Y동 603호,054-029-7790,jinui@example.net
신영희,40566,대전광역시 종로구 테헤란2로 지하345 (정식고최마을),미정문연립,041-342-2274,hyejinhong@example.com
김영일,37891,경상북도 하남시 영동대284거리 672-38,경숙김아파트 654호,02-2665-9728,migyeong25@example.org
이숙자,24631,부산광역시 영등포구 오금길 466 (영철안면),영일임타워 G동 342호,032-475-0799,yeongmi76@example.net
김현준,27420,인천광역시 중구 반포대0거리 255-54 (성호노면),수진박연립,010-7772-6055,iseonghun@example.net
허성호,54978,인천광역시 강남구 논현615로 503-6 (성진김동),병철강허마을 035호,031-660-9795,wgim@example.org
김광수,14190,경상북도 삼척시 오금로 지하706 (숙자권면),순자이김마을 964호,055-626-9960,yunseo56@example.org
박지연,37128,인천광역시 마포구 논현62가 983,지영한김마을 S동 645호,010-8553-3579,wan@example.org
김현정,57262,광주광역시 광진구 반포대838로 708-84 (지연송읍),우진이황빌라 472호,02-1585-9133,mbag@example.org
박수빈,50931,전라북도 안산시 잠실거리 15-39,예지한연립 바동 180호,031-019-6001,migyeongbag@example.com
이정웅,32006,대전광역시 강서구 서초대가 523-20 (은주최박동),서연홍연립 049호,051-338-6363,myeongsugi@example.net
박성민,86240,서울특별시 남구 언주383거리 414-39 (서연문김리),수진안이아파트 P동 790호,055-896-5982,bagyeonghyi@example.com
이윤서,05336,울산광역시 은평구 영동대가 524-17 (예은박읍),영환이김연립,062-471-8631,sangho44@example.com
김혜진,85990,경기도 의정부시 영동대로 849,지은이이연립 890호,011-935-3962,yeonghwan01@example.com
심성현,89004,울산광역시 서대문구 서초중앙00로 지하796,춘자박마을 919호,063-180-2265,gyeongsugi@example.org
박정훈,86384,대전광역시 은평구 가락길 230 (은지남마을),민준이전마을,051-567-5988,seojun54@example.com
권영자,67002,대구광역시 양천구 서초대거리 151 (경수이마을),지후한진타운,063-429-2211,gimyeongsun@example.net
강영수,39913,대전광역시 종로구 테헤란918가 821-43 (정숙박이면),미정강최타운 845호,017-316-2031,caeweon64@example.net
김영수,32239,대구광역시 종로구 역삼486가 23,병철류타워 153호,051-363-1001,eunju02@example.com
백현주,46819,대전광역시 성북구 반포대가 686-44 (윤서송동),수진오타운,055-137-5129,jeongung08@example.com
윤예은,23888,전라북도 고양시 일산동구 삼성로 600,지후권허타운 바동 502호,033-612-1142,yeongsuni@example.org
윤영희,16159,서울특별시 중구 반포대942로 895-37 (은주강박읍),은영서아파트 N동 329호,019-066-4976,bagminseog@example.net
권은정,55899,경상남도 파주시 오금99길 133,민서이이타워 476호,051-560-3313,mhwang@example.org
홍영희,26899,인천광역시 남구 가락9길 지하543,미숙윤타운 J동 412호,019-366-6714,hyeonji52@example.com
이성훈,12868,대구광역시 중구 양재천로 696-53 (성진김박면),현우안김타운 458호,032-274-4528,gimminseo@example.com
서상호,26457,강원도 아산시 역삼7가 693-39 (영미조김읍),현정이연립 593호,043-594-6009,seongmingim@example.net
김서영,09028,제주특별자치도 논산시 영동대로 90-46,경희이구빌라 068호,019-635-4391,seohyeon38@example.org
백정희,57924,대구광역시 중랑구 테헤란7길 701,진호임이아파트,031-956-9712,haneunjeong@example.org
윤상훈,82004,경상남도 용인시 기흥구 양재천로 474,정식김김타운 413호,02-2802-8671,yeeunan@example.com
민재호,40459,전라북도 오산시 서초대길 964 (지은장황면),미숙김곽아파트 376호,053-171-8412,imiyeong@example.net
서은지,15964,부산광역시 강동구 압구정로 지하534,예은강타운,010-9266-4417,jeongnamgim@example.net
진서준,85824,대전광역시 관악구 백제고분5가 785,영일이연립,051-744-4573,ngim@example.com
김중수,04421,경기도 화천군 도산대599거리 346,숙자김연립 Y동 389호,061-384-8956,xbag@example.com
김지민,12765,세종특별자치시 마포구 테헤란26로 313 (성호류동),숙자손빌라 A동 240호,062-039-7148,sugja22@example.org
박예준,73682,부산광역시 강남구 가락로 159-80,민지김박빌라 D동 214호,052-158-3478,sugja96@example.org
이예지,14743,경상북도 여주시 양재천거리 914-12 (지은박리),지아이이연립,042-595-1414,ijaehyeon@example.net
이정훈,20970,광주광역시 금천구 언주거리 930,지은차김타워 264호,052-603-7195,ggim@example.net
안영진,36740,세종특별자치시 금천구 논현418로 902-64 (영순장마을),정식서이아파트 C동 499호,019-133-8902,ti@example.net
양미정,36581,대구광역시 남구 개포거리 973 (서연송조동),정수박연립,02-1829-8948,mijeong66@example.net
최은정,04369,전라북도 안산시 상록구 논현거리 924,도윤심성타워,033-499-3390,jaehogim@example.com
노보람,05539,경기도 양양군 개포6가 39,민수구타워 990호,061-738-2012,eunyeonggim@example.com
김영철,14486,세종특별자치시 광진구 개포3로 964,예원김김연립 Z동 321호,062-079-1289,jeongunggang@example.org
백정순,68599,세종특별자치시 서대문구 학동로 411 (서연김김면),지현임박아파트 가동 072호,053-209-0192,yeongil98@example.org
박수진,87430,충청남도 안산시 석촌호수로 357 (예지김박마을),주원박이연립 B동 374호,064-721-4470,yeeunyun@example.com
고진호,17041,경상남도 포천시 도산대길 585-51,은서고김타워,053-866-6470,areum34@example.com
김지우,12477,세종특별자치시 북구 잠실429로 157-98 (지현오마을),명자장박빌라,010-6945-1444,kcoe@example.com
강건우,81460,경기도 용인시 삼성950거리 866-79 (도윤장마을),민준이아파트 248호,052-411-1505,seongmingim@example.com
최숙자,52407,부산광역시 양천구 백제고분로 604-87 (춘자서동),민수지김아파트 384동 449호,064-794-2255,baeggyeongsu@example.net
안영진,47247,대구광역시 용산구 서초중앙99로 567 (정희최김면),성진김황빌라 마동 877호,070-4701-7454,heoeunyeong@example.com
노성현,31655,충청북도 가평군 개포065로 796,지현장빌라 J동 177호,052-547-7370,iyun@example.com
백도윤,91644,충청북도 동두천시 압구정4가 431-28,준영김김마을,043-735-6699,juweongim@example.net
박영길,71085,충청북도 청주시 청원구 논현로 697,미영김빌라 812호,054-473-9264,ggim@example.net
김상현,41431,광주광역시 도봉구 양재천6길 지하724,은정송송빌라 644호,051-486-6622,hyejingim@example.org
박재현,64859,경상북도 성남시 역삼106길 654-11 (정식오면),우진이김빌라 다동 573호,064-730-9274,hi@example.org
이상현,83573,경상북도 옥천군 영동대64가 457 (성호이읍),중수이마을 T동 470호,031-038-6225,aju@example.com
최예준,05057,세종특별자치시 강북구 서초대8가 564-45 (영식박김읍),옥순장타운 771호,016-447-0265,gangsangho@example.com
김민수,29526,대구광역시 용산구 서초대62로 677-98,지은고남타워 F동 927호,052-031-8154,hyeonucoe@example.com
고예지,08419,충청북도 진천군 오금거리 101-73,윤서김연립,064-752-9268,xbag@example.org
김예지,23002,광주광역시 북구 봉은사길 220,경수박박빌라 970호,018-722-3617,eunyeong97@example.org
이순자,09344,광주광역시 강북구 백제고분로 520 (지원최리),정훈최홍타워 B동 969호,052-944-9609,jinhogim@example.com
송진우,40389,충청북도 아산시 강남대로 259,영숙홍아파트 096호,051-340-7934,jihye12@example.net
성성훈,04055,전라북도 천안시 서북구 삼성길 926,예은이김타운 475호,061-697-6701,wgang@example.org
윤은정,84376,인천광역시 북구 오금820거리 879,보람강김아파트 205호,070-9335-7337,qgim@example.com
백종수,96785,부산광역시 동구 잠실02거리 646-42,재현문타워 L동 702호,054-156-4821,mijeong12@example.com
박정자,26622,전라남도 보령시 잠실58거리 391,지훈정타워 703호,017-796-4256,jeongnambag@example.org
박하윤,86359,경기도 군포시 역삼길 171 (아름장최동),예진안박아파트,043-113-7177,jgim@example.com
조영철,40993,울산광역시 중랑구 서초중앙4가 484,영자권타워,011-292-0739,ujin96@example.com
이정자,45898,전라북도 이천시 서초중앙90거리 462,옥자양허아파트 D동 033호,043-685-5525,seunghyeongim@example.org
박명자,82293,충청북도 당진시 봉은사거리 671 (승현김동),성민장김타운,064-747-6904,xi@example.net
권옥자,42598,부산광역시 성북구 언주9로 849-31,예진류이연립 987호,018-487-9632,yeonghyi72@example.com
최준서,44741,전라남도 파주시 압구정가 993-93 (서영박마을),정희이오빌라 564호,043-094-5636,sjeong@example.net
이은서,71636,전라남도 수원시 장안구 언주26로 718-36,성진김빌라,051-478-1018,seungmin62@example.com
이하윤,53484,강원도 태백시 오금거리 904-87,승민노나연립 N동 087호,043-969-6990,jeongho56@example.com
엄우진,97578,부산광역시 동대문구 선릉거리 490 (윤서김리),성진이연립 B동 858호,043-056-7498,yunseo38@example.net
김지아,03582,경상남도 공주시 언주로 919-49,현준김타워,053-571-9332,jeonghoan@example.net
이중수,35870,제주특별자치도 양양군 논현거리 410-76 (현숙이리),성현장빌라 421호,043-874-0760,ujin97@example.org
김미영,95582,경기도 가평군 선릉87가 637,예원최빌라,054-888-6573,jihun65@example.com
강민수,99423,강원도 성남시 중원구 개포819길 182-60,상호오최아파트 653호,064-740-1781,gimsanghyeon@example.org
김정희,71410,충청북도 양구군 테헤란38거리 73-26,광수최빌라 L동 139호,010-4647-8576,jongsu77@example.org
심정훈,62123,울산광역시 강서구 봉은사673로 660,영수오타운 284호,054-684-5297,lgweon@example.net
최영일,10895,경기도 음성군 양재천9로 403 (은정황리),아름강빌라 961호,011-411-8820,seohyeon35@example.com
강정웅,63418,제주특별자치도 성남시 수정구 반포대0로 지하771 (지아김이리),정순윤박마을 382호,018-318-2807,pgim@example.net
이민지,52111,세종특별자치시 중랑구 반포대2로 371 (상현박면),영길김임타워 719호,011-319-6208,songjihyeon@example.com
김영일,28170,충청북도 평택시 봉은사370거리 26-73 (시우이장동),진호이타운,061-405-5161,ahong@example.net
윤정수,03172,서울특별시 강서구 도산대110거리 832,민준이마을 K동 446호,061-331-2453,xbag@example.com
백성현,40496,경기도 청양군 가락32로 866,하윤김타워 B동 782호,02-8502-2837,tan@example.com
최채원,97491,제주특별자치도 정선군 삼성54거리 461-4 (지현김강면),수민양서타워 522호,033-717-4684,xgim@example.net
나선영,61265,강원도 수원시 영통구 선릉가 645-71 (재호박김읍),하은김아파트,061-565-6287,jbag@example.org
김정훈,31853,광주광역시 북구 백제고분거리 560-87 (영진김읍),재현최조연립,042-772-8985,jihyeon50@example.net
박숙자,40756,서울특별시 서구 서초대382가 30-45,수진노김빌라 F동 637호,011-940-5766,seongminjae@example.org
최종수,46342,대전광역시 중구 백제고분814로 460,성수이연립,02-1292-4243,seojunhyeog@example.org
이서영,02783,울산광역시 강동구 역삼길 625,지현김고타운 240호,033-542-9360,migyeonggim@example.com
이민서,98754,제주특별자치도 구리시 압구정로 613,지은송타운 I동 748호,070-8598-4735,jinu12@example.com
박예원,54725,경기도 아산시 개포거리 959,민석최김타운 370호,033-267-9229,qgang@example.com
김영자,91000,대구광역시 송파구 백제고분6길 956,민지이이연립 308호,033-165-7397,coeseoyeong@example.net
최진우,35325,경상남도 홍천군 강남대8로 879 (예준김읍),영철이타워 957호,032-617-2741,sunog23@example.org
강영순,70283,광주광역시 양천구 봉은사가 864,옥자최빌라 U동 368호,017-175-0437,yeongsuni@example.net
이지은,68512,광주광역시 성북구 양재천거리 265-45,영희손이아파트 다동 714호,011-701-2418,myeongsugi@example.net
강상훈,95704,경기도 원주시 선릉거리 343-93,하은임아파트,033-387-7801,sugjagang@example.org
백미경,90302,제주특별자치도 춘천시 역삼가 지하667,명자이빌라,064-746-4121,ji@example.net
한중수,42216,대전광역시 노원구 논현거리 732,지연심빌라 U동 570호,055-795-9002,seojun47@example.net
이도현,11160,서울특별시 금천구 개포길 282,은서심이타워 505호,031-381-8678,bagminjun@example.org
양진호,63316,충청북도 영동군 서초대길 721-98,민지윤장타운 822호,064-700-4914,joyeongsun@example.org
박서준,02736,경기도 연천군 백제고분길 89-43,예은심이아파트 다동 787호,070-0183-3003,jeongsugcoe@example.com
김춘자,12591,세종특별자치시 용산구 양재천904거리 755,민재류타워,032-732-0186,haeun20@example.com
이경숙,73678,제주특별자치도 양구군 오금길 112-54,은주김타운 219호,063-690-0930,rjeon@example.net
박정웅,04085,충청북도 공주시 잠실거리 647-86 (숙자양홍리),준호이타운 036호,032-074-6055,areumgim@example.net
박중수,42870,대구광역시 강남구 압구정로 188 (우진서김마을),상호홍김아파트 470호,033-891-3222,namyejin@example.net
김영철,48072,대전광역시 종로구 도산대7길 266,지아박안연립 P동 951호,043-680-7681,yeonghyi91@example.org
배동현,58016,경상남도 천안시 서북구 테헤란거리 893 (아름박마을),현숙이타워 C동 069호,032-658-7801,hi@example.com
김현주,14718,경상북도 의정부시 봉은사길 386 (영일황마을),경수이빌라 769호,010-8311-5424,bagminseog@example.org
안승민,61089,충청남도 원주시 오금92길 지하401 (민준박최동),예은이빌라 426호,019-551-4499,nbag@example.com
양수진,15999,경상북도 용인시 기흥구 압구정25길 65-31,영호양타워 718호,017-586-1681,gimeunseo@example.com
이예원,32380,서울특별시 마포구 강남대로 361 (정순김동),영환안김연립 A동 876호,044-326-1837,hwangjeonghyi@example.org
손영식,47781,제주특별자치도 공주시 석촌호수860길 717,예은양이빌라 E동 164호,017-534-4611,hyeonumin@example.net
고영진,58118,울산광역시 중랑구 가락34거리 777,지영김마을 F동 278호,018-159-2363,tno@example.org
김승민,29617,충청북도 고양시 일산동구 영동대거리 691-33,재현최타운 Y동 029호,018-525-5872,gyeongjano@example.org
박상현,08374,대구광역시 동대문구 개포거리 567,현준이연립,044-708-0478,eunju27@example.org
성정웅,27895,경상북도 청주시 청원구 선릉910길 96-62,미영김백연립,053-829-9230,hyeonju73@example.net
차광수,97141,울산광역시 중구 석촌호수거리 241,현우김연립,033-399-9028,icunja@example.org
임경희,46537,대전광역시 북구 양재천366가 235,정희김마을 283호,064-715-6167,yeongmihan@example.net
이성호,58817,경기도 안양시 역삼로 429 (현주박리),하은김마을 W동 754호,043-199-1579,gyeonghyi59@example.org
이은정,20665,충청남도 서천군 압구정236거리 932-77 (현우배읍),수빈이아파트 P동 832호,041-598-1256,bageunyeong@example.com
김정식,83588,울산광역시 서대문구 석촌호수가 307,현숙이아파트 L동 042호,033-454-9577,hayun17@example.net
박영진,79395,전라남도 청양군 반포대거리 85,준서송마을 679호,010-8849-9445,eunjuseo@example.com
김승현,08501,서울특별시 남구 가락2로 147 (명자김이면),영환김빌라 262호,052-724-1825,mmin@example.com
권중수,02271,충청북도 연천군 영동대거리 495,현우김이빌라 X동 912호,019-046-6173,ojia@example.net
김정식,21077,대전광역시 마포구 서초중앙가 67 (아름김면),혜진박연립,011-985-0809,eunseo78@example.com
김명자,46414,대구광역시 동대문구 가락67로 633 (정순서이마을),준혁성김연립 가동 302호,063-196-6023,gimdohyeon@example.com
김혜진,97256,대전광역시 동작구 반포대7길 436-23,미숙서김빌라 31동 572호,052-604-2579,mgim@example.com
장민서,35422,부산광역시 구로구 서초중앙174길 지하444,영순이류타워,051-800-7157,wi@example.com
한윤서,42625,충청남도 수원시 팔달구 강남대190가 154,지아이빌라 B동 681호,02-1434-3709,go@example.net
고영자,99639,광주광역시 동구 개포거리 66,윤서이김연립,010-6105-9741,ugang@example.net
김지영,63225,충청북도 동해시 도산대거리 601,준서김아파트 K동 053호,016-964-8856,hryu@example.com
홍민수,46829,경기도 금산군 오금로 410-28,경희배연립 363호,017-846-6501,bagdonghyeon@example.org
김성호,17668,서울특별시 강남구 언주86가 744-87 (성민김오리),상호최이타워 475호,043-055-7873,jiyeonbag@example.net
김윤서,27928,세종특별자치시 마포구 석촌호수로 11-53,영수이타운 마동 283호,062-652-0513,gimjeongsu@example.org
양경자,33196,인천광역시 서초구 반포대로 765,성훈이마을,032-812-5119,iogsun@example.com
김성호,35368,인천광역시 서초구 봉은사로 88-38,지원김빌라,041-867-1832,yeweon36@example.org
이도윤,29423,경상남도 인제군 역삼498길 350 (순옥고읍),준서양김연립 768호,063-994-6978,ogim@example.com
전상훈,05222,울산광역시 남구 테헤란95길 913 (서연이임면),경수김타워,033-374-8359,wbag@example.org
강성훈,39887,서울특별시 광진구 양재천로 739,영수김연립,043-445-8128,sangceol26@example.com
권현우,19078,대전광역시 금천구 반포대889길 지하535 (민서장이리),유진이장아파트,019-420-1069,hyeonucoe@example.com
김예준,34743,경상북도 고양시 일산서구 백제고분52길 76,건우최마을 986호,061-385-8085,gimjimin@example.net
양명숙,96252,전라남도 홍성군 서초대거리 98,민수박타워,010-7765-7645,minjungim@example.net
김미영,19336,강원도 속초시 강남대길 211,미정김타운,019-736-0580,jeongsig78@example.net
황우진,18420,경상남도 서천군 강남대068가 737 (예지허김읍),성민이최아파트 U동 618호,032-716-0837,jiweon43@example.net
고시우,52337,대전광역시 도봉구 잠실거리 729 (지혜송황동),미영이김연립 Q동 046호,02-0979-7756,sujin56@example.org
김명숙,14948,대구광역시 강북구 석촌호수39로 642 (예진송면),은정권타워 F동 672호,051-121-3900,sanghun85@example.org
김승현,69563,충청남도 공주시 테헤란509로 410-92,재현서아파트 마동 440호,033-576-9473,iyeonghwan@example.org
손성훈,19016,경상북도 용인시 개포23길 지하151,정희박김연립,018-722-6921,junhoi@example.org
박아름,20989,부산광역시 관악구 역삼03길 999,정자이타운,064-705-4990,ihyeonjeong@example.com
이은지,93543,경상남도 안산시 오금거리 178-63 (지아박이마을),은영최아파트,043-115-2230,dohyeongim@example.com
강준영,24777,강원도 진천군 삼성거리 203,상현고노연립,018-532-6256,vca@example.org
성민수,44195,경상남도 양주시 영동대로 420 (보람이리),순옥안김연립 Y동 192호,070-3614-4318,gimmiyeong@example.com
이진우,67591,광주광역시 은평구 서초중앙40가 375 (지민김읍),서현이아파트,010-4614-8018,cheo@example.org
이은영,88902,서울특별시 북구 영동대5로 674 (우진김강면),지민오타운,02-3075-3541,minseoi@example.net
김현숙,25684,인천광역시 도봉구 개포0길 96-50 (성훈서이읍),민지최마을 382호,064-741-0374,jungsui@example.org
지영철,15112,세종특별자치시 종로구 서초대4길 지하504,민서송장마을,070-3221-2135,seonghun68@example.org
양정희,90892,세종특별자치시 북구 서초대420길 836 (예은성마을),지아박최타운,019-063-5598,rgim@example.net
김현주,90327,광주광역시 동구 서초중앙09길 82-95,영식신박빌라,033-527-3746,iyeongil@example.net
한옥자,35548,강원도 고양시 봉은사542거리 676-49,옥자이남연립 092호,019-443-3732,seunghyeonjin@example.org
차성현,99315,부산광역시 동대문구 오금7길 13,아름안타워,054-937-1919,junhoi@example.org
손옥순,78375,경기도 이천시 테헤란길 지하580,서준김김타워,018-682-2410,hyeonjeong75@example.org
문재현,14480,경상남도 양주시 학동가 920 (종수배이리),준호허김연립,062-101-6082,jaehyeon89@example.org
황성수,26579,광주광역시 서구 삼성길 256,서영김마을 816호,019-936-0707,wna@example.net
김예원,17333,대구광역시 서초구 잠실72길 지하560,영길윤타워 075호,061-084-4354,gangyeongjin@example.org
박준혁,61365,경상북도 철원군 개포24길 580 (지후김리),진호박타워 582호,033-131-0342,yeongjin90@example.net
박상현,02812,제주특별자치도 영동군 서초중앙가 490-22,현우최타운,019-683-9724,ai@example.org
이민석,77310,세종특별자치시 용산구 서초대5가 578-56,하윤조연립 554호,043-384-8169,eunjeong47@example.org
심민수,60284,대구광역시 성동구 봉은사로 501-64,서현서아파트 899호,053-307-1996,subin40@example.com
최상철,79137,제주특별자치도 양평군 도산대570길 지하407 (수빈류류마을),진호김마을 X동 132호,062-948-3010,pbag@example.net
황지현,27004,대전광역시 동구 양재천5로 641-50,은주장연립 361호,053-115-8017,yunyeongceol@example.net
김옥자,58295,서울특별시 서초구 압구정161거리 479 (예지박읍),정웅권이마을,064-720-7039,yunyeji@example.net
홍시우,74612,충청남도 청주시 서원구 오금476거리 지하361 (서준김마을),상현주김빌라,032-616-9124,ggweon@example.org
강승민,01257,울산광역시 마포구 가락70거리 222 (수민박리),아름김타워,052-056-5724,gimminseo@example.net
김명자,36905,충청남도 원주시 석촌호수가 659,정순이이연립,070-1710-6685,iseunghyeon@example.net
박현정,93042,대전광역시 용산구 언주가 129-55 (경숙이동),민준백마을 987호,053-314-5268,yejun25@example.org
오보람,00526,전라북도 춘천시 가락거리 217,영진김마을 986호,054-918-5233,ieunyeong@example.net
박경숙,57121,울산광역시 강북구 반포대3가 840,성민박연립 L동 294호,041-298-0841,hwangseohyeon@example.com
김예원,92928,전라북도 군포시 학동로 273 (지원강동),영호양아파트 430호,051-231-4338,jihu13@example.org
김예지,85095,경상남도 논산시 석촌호수73로 9 (예은류리),지후김타워,032-845-3638,iyeongsu@example.net
이지후,23445,전라남도 광주시 봉은사가 547,현숙강김아파트,041-072-2440,gwangsu33@example.org
김명자,71290,서울특별시 강동구 역삼가 122,지우김빌라 806호,044-307-9961,yeeun67@example.com
박지우,12030,경상남도 청주시 서원구 백제고분가 870-89 (상훈박박리),미숙강마을 U동 846호,054-918-5652,seongjini@example.com
김명숙,59670,대구광역시 용산구 서초중앙길 558 (영숙윤안동),은주이이마을 407호,053-787-5186,minjigim@example.net
최영숙,68940,전라북도 시흥시 가락70로 102-92 (지현김손동),정호하김타운 T동 198호,054-447-6586,myeongjai@example.net
권성현,23007,인천광역시 서초구 강남대거리 520 (은정최읍),미숙송조타운,041-355-9980,borambag@example.org
강윤서,45292,울산광역시 강서구 잠실길 431-37 (윤서조마을),경자박타워 43동 808호,055-518-4875,minjibag@example.com
박준서,75673,강원도 의정부시 테헤란가 730 (숙자김마을),영미이김연립 700호,043-136-6368,kgim@example.org
김정웅,13537,대전광역시 남구 봉은사길 304-90,옥자남타운,042-785-7502,seongmingim@example.org
이민석,66920,대전광역시 마포구 개포길 900-3 (우진김동),수민이타워,051-603-1073,ujinbag@example.org
송미경,05306,충청북도 광명시 반포대58길 808 (채원김면),지은오연립 E동 303호,063-391-1637,geonugim@example.com
윤정자,50314,경상남도 춘천시 개포거리 236 (미경서이마을),정호이연립 739호,032-063-8594,gimminseog@example.com
김예지,86426,경상남도 평택시 봉은사3길 지하204,아름이이아파트 236호,044-631-1190,ai@example.net
강재현,45910,전라남도 인제군 잠실길 610,현준이김연립,044-332-5391,migyeonghan@example.com
김예원,74833,제주특별자치도 홍성군 가락31길 110 (민서문이면),지우박이연립,064-745-0797,ryueunjeong@example.org
장숙자,90311,전라남도 진천군 석촌호수231로 344 (미경곽박면),수진임타운,044-787-7685,sanghyeoni@example.org
김도윤,85877,전라북도 파주시 선릉거리 745 (정숙임리),현정김타워 J동 337호,061-886-5736,zyun@example.org
박승현,82736,세종특별자치시 동대문구 역삼가 460-6,유진임이타워 156호,043-236-3002,yejuncoe@example.com
이민서,44232,경상남도 보령시 양재천로 110-35,은주황이아파트 203호,063-724-0553,jangyujin@example.org
이민석,02557,서울특별시 북구 양재천가 847 (주원박김마을),상철김연립 J동 407호,053-554-7623,subin30@example.org
이예원,95645,제주특별자치도 부천시 오정구 석촌호수거리 579 (미정박배동),경수김김아파트,032-063-3470,gimseonghyeon@example.net
김수민,45271,울산광역시 관악구 논현42길 918,서연최류연립 737호,011-014-9872,gweonseojun@example.com
김정순,74198,세종특별자치시 마포구 반포대3가 70,성민김이빌라 마동 926호,041-533-5714,iogja@example.com
김성진,76360,세종특별자치시 관악구 백제고분7거리 522 (영호박민리),옥자고타워 464호,061-231-8618,miyeonggim@example.net
한현숙,83626,충청남도 천안시 동남구 강남대415길 95,지연한최마을 631호,017-187-5673,gimjihu@example.net
장성훈,82861,충청남도 양평군 오금가 232-13,정희안타워 바동 362호,033-811-7495,fi@example.net
권서준,66853,울산광역시 성동구 서초중앙9길 823 (예원김박마을),도윤김타워,031-797-5334,anjeonghun@example.org
양춘자,51831,전라남도 서산시 도산대804길 918-67,영미송김아파트 Y동 088호,016-084-2210,rjeong@example.net
이지연,14011,제주특별자치도 천안시 동남구 서초대491길 926,현숙이타운 B동 512호,052-961-2457,yeonggil49@example.com
김정순,20437,광주광역시 강남구 개포로 135-49,예준이이타워,061-667-6932,wi@example.net
유진호,67614,서울특별시 중구 강남대0로 898-83,정식이윤빌라 037호,062-984-6522,lnam@example.org
김경숙,14560,광주광역시 관악구 석촌호수로 82-58 (혜진강읍),순옥최타운 853호,02-4448-5452,jiyeong37@example.com
엄영일,37925,인천광역시 용산구 논현길 212,상훈박타운 P동 867호,033-624-0995,minjunju@example.org
문순자,64324,부산광역시 동대문구 오금로 915-79 (유진김김동),채원이김연립 384호,011-595-6758,caeweongim@example.com
이옥자,29491,제주특별자치도 안양시 만안구 삼성847거리 지하902 (지원김마을),도윤김아파트,02-7824-1545,gyeonghyi57@example.com
김경수,85547,전라남도 청주시 서원구 강남대거리 157-12,정호유빌라,010-8338-9055,wjang@example.org
박수민,24102,대구광역시 성동구 테헤란596거리 376 (미영홍김면),예은최이타워 D동 233호,070-7282-8096,eungyeongna@example.org
이준영,26508,전라남도 고양시 일산동구 논현03길 477-91 (승현김읍),지연김최아파트 588호,043-826-3190,gimyeongmi@example.com
최영길,92229,부산광역시 금천구 영동대로 243-80 (중수박마을),민석김아파트 815호,052-469-5813,dsin@example.com
최서윤,08763,인천광역시 동대문구 선릉길 49-86 (도현김읍),지민오아파트 213호,054-640-3069,jaeho38@example.net
김성훈,48474,울산광역시 금천구 양재천951가 936,현숙지허타운,010-5955-4452,bageunyeong@example.com
김경수,11781,세종특별자치시 동구 백제고분8길 지하927 (준영이면),선영박아파트 070호,063-165-4316,donghyeon72@example.com
김은지,21316,서울특별시 서대문구 도산대거리 820,정웅이최아파트 다동 187호,055-805-2831,minseogsong@example.com
곽영식,52566,충청남도 인제군 양재천7가 지하955 (예은박동),현숙김마을 727호,033-699-5230,sugja20@example.com
이영순,04603,경상북도 청주시 상당구 역삼가 164,정자한오빌라,010-4459-6428,pbag@example.org
박종수,56774,서울특별시 영등포구 도산대41가 993-95 (정희황마을),서현윤연립,052-548-9312,gimmijeong@example.net
강영순,01100,세종특별자치시 금천구 양재천883가 363,영길송신빌라 224호,032-999-7836,bagsangho@example.net
이영식,10136,서울특별시 영등포구 봉은사646가 51-28,영호이연립 Z동 142호,041-256-1615,ngim@example.net
최수진,80643,전라북도 부천시 원미구 삼성495길 722 (은주김읍),정식하최연립 743호,043-247-7289,fgim@example.net
이준호,10527,광주광역시 금천구 서초중앙02가 130-88 (명자박김동),경희윤빌라,044-542-3643,yejijang@example.org
이영길,11613,대구광역시 광진구 논현거리 916,재현양마을 784호,017-035-9335,yejingim@example.net
권은주,72706,강원도 안산시 단원구 역삼가 159,지아장최연립,017-403-0225,bagseunghyeon@example.org
이성진,63090,부산광역시 서대문구 강남대736가 673-4 (옥자서읍),예지김최아파트 974호,070-7864-2047,yeweon12@example.com
주지아,19187,세종특별자치시 강북구 언주길 716,정호정박아파트 나동 963호,033-647-5180,donghyeonsong@example.net
이영순,53129,인천광역시 강서구 백제고분56로 216 (예원서동),현준김김아파트 319호,061-358-5605,misugan@example.org
노종수,50485,경기도 고양시 일산동구 석촌호수가 21,서윤김박타운 F동 877호,018-591-9300,pi@example.org
한서연,28740,전라남도 이천시 선릉거리 지하823 (재호유읍),성훈박이연립,052-053-4668,hgwag@example.org
이은정,84315,강원도 춘천시 영동대20가 지하291,영식박빌라 A동 103호,017-195-3461,yeweongim@example.net
장영숙,50347,부산광역시 남구 양재천65거리 446 (현주손서면),명자하타운 Q동 827호,054-345-4538,ryujiyeon@example.org
이진호,94992,광주광역시 영등포구 역삼가 639-95,정식김연립 394호,062-390-1151,lmin@example.com
홍민석,11623,경상남도 강릉시 역삼66길 120 (영호강동),지연서장마을,062-422-1910,gimgyeongja@example.org
박상호,29838,울산광역시 금천구 삼성6로 188-49 (지우이리),예진김마을,063-680-6676,minseo58@example.net
이준호,58949,인천광역시 서구 영동대로 666 (지영심장리),수진이서마을 923호,052-496-4795,gangseonghyeon@example.net
최예준,33663,제주특별자치도 연천군 테헤란가 476 (도현이리),정남문타워 M동 392호,041-174-2450,seongho19@example.net
서주원,19100,경상북도 고양시 삼성거리 280,옥순최양빌라 Y동 681호,055-165-8823,gimjihye@example.net
최선영,95504,충청북도 수원시 학동로 438-14 (영진주한읍),현정권최연립 P동 604호,042-233-5368,jangjeongsun@example.net
장미경,40474,강원도 안산시 서초중앙21로 735-64,수빈김빌라,055-449-0725,eunjison@example.net
김영희,96704,충청북도 김포시 개포로 지하602,현우김장마을 Q동 416호,051-815-3258,yeongsug53@example.org
장성수,83103,제주특별자치도 삼척시 역삼396길 607-40,현정송타워,054-582-3728,seonghyeon30@example.org
김은정,04519,인천광역시 북구 서초대거리 지하417 (민준고읍),은지김빌라 N동 665호,011-104-8914,jiugim@example.org
김성훈,07422,부산광역시 강동구 도산대70로 지하330,수빈김김타운,018-951-2940,cgang@example.org
백성진,83425,전라남도 수원시 장안구 잠실460로 760-14 (서영최리),예원김권타워,053-327-6800,cson@example.org
이지후,81508,제주특별자치도 논산시 논현74가 536-89 (진우김읍),서연권타워,044-254-5804,geonujeon@example.org
장준영,92120,강원도 수원시 영통구 서초대가 25-73 (민서김이동),재현박박빌라 922호,054-669-0184,yeongmii@example.org
손동현,86418,경상북도 철원군 압구정684거리 615-36 (정남이리),순자박정빌라 504호,064-732-8841,gweonsumin@example.com
김경숙,42685,충청북도 이천시 오금거리 557-76,지원이빌라 J동 592호,063-316-4998,bagjeonghyi@example.org
이유진,23616,대전광역시 강남구 서초중앙838가 154 (예준양이동),서윤김아파트 J동 412호,055-656-5935,myeongja09@example.net
이상철,14581,서울특별시 중랑구 오금58길 65 (예준김김마을),도현김류마을,051-018-6784,sanghunbag@example.com
이정호,66909,충청북도 가평군 잠실거리 지하193,성진이아파트,042-115-8344,yejincoe@example.net
황진우,53309,서울특별시 서초구 삼성거리 537 (정자안마을),영호김이타워 506호,064-791-2377,vu@example.net
배영길,79368,전라북도 김포시 영동대48거리 지하620,명자노타워,011-922-6204,seojuni@example.net
최은경,17102,대전광역시 강서구 논현356거리 383 (준서박김동),승민윤타운 287호,010-9084-1107,yunseonghyeon@example.com
이성수,93203,서울특별시 북구 논현524거리 611-1,영숙윤빌라 890호,016-990-1494,kgang@example.com
이주원,01989,대전광역시 도봉구 양재천1거리 지하116,옥자김이타워 X동 159호,052-810-9591,xbag@example.com
문민재,07132,전라북도 증평군 백제고분8거리 지하670 (영일김김동),영자김권타운,033-519-6311,jeonghun76@example.net
박은주,83542,광주광역시 구로구 봉은사로 222,현주이박타운 238호,061-025-2685,yeonghyicoe@example.org
이현숙,08554,전라북도 용인시 수지구 영동대184길 224,성수강류연립,043-146-4470,yeeungim@example.com
이병철,48582,제주특별자치도 의왕시 역삼거리 949-40 (정호김마을),중수지김빌라 405호,061-101-5313,donghyeoncoe@example.net
최혜진,45520,인천광역시 종로구 삼성길 645-46,서준박하타운,042-560-5763,junyeonggim@example.com
이명숙,89570,서울특별시 양천구 선릉053거리 953 (영미이강읍),지영백곽빌라 593호,061-568-9211,seojun84@example.net
박서현,51009,전라남도 성남시 중원구 서초중앙933길 617-22 (정순이이읍),민석강빌라,063-631-9554,pbag@example.org
김동현,31893,서울특별시 양천구 선릉02가 지하69,건우홍문아파트 W동 855호,016-630-4723,subini@example.org
노성민,36549,부산광역시 중구 도산대거리 957-3,지민최백빌라 424호,032-184-9194,jeonghyigim@example.org
백예원,08735,충청북도 단양군 영동대길 174 (상철이동),성현구김빌라,02-0766-3024,oi@example.org
오성민,98366,경상북도 청양군 영동대934길 294 (서윤문김읍),예원서박연립 433호,033-669-9901,eomjeongsu@example.com
김진호,63301,서울특별시 마포구 삼성41가 지하96,성수윤류타워,062-643-4411,juweongweon@example.org
홍영숙,21539,대전광역시 동구 테헤란09거리 907-47,성진박김연립 C동 093호,033-654-5332,zgim@example.com
박순옥,07497,경상북도 음성군 학동767거리 988 (수진고이동),상호강아파트 772호,041-030-8177,bgim@example.org
김예지,05247,대구광역시 양천구 개포82가 539,정남최아파트 M동 003호,019-056-5204,ojaehyeon@example.com
김지현,95109,경기도 금산군 잠실925가 781,승민김타운 326호,011-841-1897,seonghun54@example.net
황영호,04003,강원도 단양군 반포대거리 60 (민준이이면),지민박김타워 482호,054-150-5764,jungsu04@example.net
김지은,63622,경상남도 서천군 역삼가 808-33,정식김이타운,033-662-1263,baggeonu@example.org
유지원,24083,부산광역시 중구 압구정2거리 215-84,지아고타워 Y동 690호,017-446-9507,eunjujang@example.net
박미영,39613,경상남도 태백시 서초대가 228,재현박타운,054-979-6235,iminsu@example.net
류성호,91991,전라남도 양구군 언주거리 450-93 (지훈이읍),은주한이연립,063-979-6984,byeongceol85@example.net
김민준,24837,대구광역시 성동구 학동가 171 (광수이박마을),윤서이강연립,02-5969-0586,yeongmi65@example.net
이정자,23322,경기도 가평군 언주가 지하821,성호이빌라 H동 817호,055-110-8474,ubag@example.com
이중수,75808,전라북도 고성군 선릉677거리 279-87 (하윤김마을),영희구박연립 097호,043-660-6930,eyang@example.net
장하은,25350,전라남도 부천시 오정구 학동1가 지하157,옥순김최타워 485호,018-067-1533,yson@example.net
권병철,13698,충청남도 과천시 역삼거리 584-91,도현박타운,063-981-1497,iseongjin@example.net
문서영,32763,대구광역시 영등포구 잠실길 540-57,예은안빌라 M동 688호,016-958-2889,zgim@example.com
박영환,20478,제주특별자치도 아산시 영동대2로 17,지아최홍마을,041-350-6198,io@example.net
김성진,92198,울산광역시 동구 논현5길 692-24 (승현김김동),예지오한아파트 682호,061-584-2733,coehyeonjun@example.com
강지후,14818,광주광역시 광진구 서초중앙48길 481 (정수백리),현준황최빌라 J동 161호,033-242-4735,hbae@example.net
홍예지,92804,대전광역시 중구 역삼666가 10,영환김타워 486호,061-484-4316,lhong@example.com
심지연,98880,경상북도 김포시 선릉길 221-67 (예지김동),영일문타운 769호,033-546-0012,ymun@example.com
김영수,34433,경상남도 서산시 백제고분40가 826,상철송연립,062-764-8556,junseoi@example.org
오영철,65060,제주특별자치도 부천시 오정구 양재천5가 82,상훈이연립,017-307-7696,hwangyeonghyi@example.com
김정웅,51591,대구광역시 마포구 오금길 338-3 (예은안마을),영자장이타운 048호,064-759-6961,seoyungang@example.com
류영진,78729,강원도 안양시 봉은사로 지하579,민준이김타워 925호,016-479-0881,naogsun@example.net
문영진,15734,전라남도 성남시 중원구 삼성거리 525,지영전황아파트,064-763-4770,bagjaeho@example.com
전예지,91359,전라북도 하남시 봉은사가 909-98,성민오타워 가동 597호,053-934-1961,hyeonjubag@example.org
이영일,54866,대전광역시 중구 도산대로 668,영진이안연립,063-466-5732,gimseojun@example.net
서종수,20934,대구광역시 구로구 강남대730거리 496,성현김빌라,044-452-4418,doyuncoe@example.org
신지아,01099,서울특별시 중구 잠실34로 243,정숙윤이아파트 라동 579호,064-788-2323,di@example.net
김도현,97196,충청북도 구리시 가락69길 510,정호강연립 F동 662호,017-103-6193,yeonghyii@example.net
송건우,82315,제주특별자치도 김포시 석촌호수04로 708,현지윤신빌라,054-279-8173,namjeonghun@example.org
박우진,34196,경상북도 군포시 삼성8거리 33-48 (시우김동),미경김홍아파트 822호,044-896-6127,jgim@example.net
김민수,27992,대구광역시 금천구 개포길 74-91,순자강아파트 371호,016-581-2285,gimseonghyeon@example.net
오서영,24776,대구광역시 성동구 오금길 395-41 (현숙황동),동현김타운 N동 120호,063-739-1649,phan@example.net
이승민,74358,경기도 청주시 흥덕구 양재천93거리 250,경자홍권타워 A동 994호,031-063-9939,seoyeongim@example.net
김상철,59225,대구광역시 중랑구 백제고분가 824-77 (현정황김읍),영수최최마을 P동 117호,064-719-2400,jihun73@example.net
박지영,37271,부산광역시 용산구 백제고분거리 71-1,은경장아파트,054-380-5729,ncoe@example.org
장은지,53057,울산광역시 서대문구 오금402가 276-50,지훈정이타운 N동 756호,032-223-9944,minseo17@example.org
김지훈,04442,대구광역시 금천구 선릉가 567 (영순김박읍),은지배빌라,041-898-8668,mgim@example.org
김예진,94941,경상북도 계룡시 오금850가 819,영환김타운 945호,031-367-1137,subinseo@example.net
김중수,48443,제주특별자치도 고양시 일산동구 양재천10가 200-14 (우진김고리),영숙김김빌라,055-364-6059,sanghun55@example.org
박서영,20185,서울특별시 성북구 잠실13로 66-51,예원황빌라,051-141-7922,ogsun99@example.net
양주원,88920,대전광역시 금천구 서초대02로 917 (춘자김마을),광수김김마을 081호,041-164-4423,dohyeon24@example.com
하준혁,03806,충청남도 양구군 언주로 546-49,영철이김연립 196호,033-103-4882,ijiu@example.org
권도현,18191,대구광역시 관악구 선릉494거리 지하362 (지아김김동),주원박연립 294호,043-030-8315,jihyean@example.com
이채원,05784,부산광역시 남구 역삼가 700 (지원김면),상현윤연립 Q동 638호,010-5672-6798,jinugang@example.com
최하은,04943,경상남도 아산시 반포대6길 931-43 (민준권권읍),성진박타운,054-663-0512,seohyeongim@example.org
홍영길,47836,경기도 양구군 영동대거리 지하320 (지민최읍),유진이연립 247호,031-782-5042,jeonghunyun@example.com
류상현,22098,강원도 양구군 서초중앙402로 지하97,동현허허빌라 224호,031-468-1290,jiagweon@example.net
김성호,92679,대전광역시 노원구 백제고분4거리 707,서윤박아파트,061-617-9317,lyang@example.net
김정수,31968,광주광역시 강동구 언주거리 867-41 (현우홍면),영호류김타워,017-663-4680,heosangho@example.com
나현숙,92031,전라남도 태안군 역삼4로 182 (승민허윤리),성현정타워,043-724-7685,jiyeongbag@example.net
양예원,31509,경상남도 화성시 봉은사430거리 155-68,현주권최타워 바동 563호,031-347-1904,jiyeong30@example.org
이영미,83425,광주광역시 동구 논현493거리 81 (재현김읍),현정김김타운 125호,062-440-9903,bbaeg@example.com
권진호,02353,제주특별자치도 인제군 학동8거리 176,민준최나타워 543호,02-2539-5993,yeongho60@example.org
손정남,73154,경상북도 시흥시 서초대길 777-33,시우박이마을,033-858-1620,yejiseo@example.org
이도윤,22022,대구광역시 영등포구 언주259길 774,지우김아파트 712호,019-224-3809,ano@example.com
오영진,53595,전라남도 수원시 영통구 양재천가 182,정순박오아파트 G동 401호,016-512-1222,gojihyeon@example.org
백도윤,58426,대전광역시 중구 양재천660길 75 (영철우이읍),정웅엄권아파트 993호,061-241-6860,fgweon@example.org
노서연,20905,서울특별시 서초구 서초중앙622가 225,영자차문연립 K동 418호,032-506-8148,ngim@example.com
전민석,01735,전라북도 양양군 가락길 지하652,지원한김연립 594호,043-895-3749,sanghuni@example.org
류예원,40507,충청북도 오산시 개포2가 382,지영김아파트 S동 280호,017-148-5168,bagjihun@example.org
주현숙,82935,경상북도 군포시 오금길 101-33,성호김김타워 885호,02-5624-3930,gimsanghun@example.net
김지후,01620,경기도 삼척시 잠실625길 240,예은박윤빌라 181호,042-121-5993,lgim@example.net
장민서,23400,전라북도 부천시 오정구 테헤란48길 지하496 (준영윤동),정숙김연립,061-746-6974,fgweon@example.org
김건우,68148,전라북도 청주시 청원구 서초중앙61가 88-64 (승현장나동),은정김이연립 R동 389호,018-805-0394,jongsuryu@example.net
서하윤,94331,서울특별시 광진구 오금930가 940,성현김아파트 D동 826호,062-894-2295,phwang@example.net
김영길,28551,인천광역시 양천구 가락가 614-10,경희허타워,062-273-7447,gimyeongceol@example.net
이서영,78203,서울특별시 성동구 반포대로 686-99 (광수김류읍),미경이연립 V동 305호,019-845-5554,bagyeongsug@example.com
장보람,60053,서울특별시 동대문구 석촌호수길 643 (광수오박면),정웅이서타운 027호,017-113-5499,sugjacoe@example.net
구보람,83367,전라남도 단양군 언주가 381,성진장엄타워 U동 638호,063-166-9511,bagsunja@example.net
김지훈,20966,강원도 보령시 삼성291가 615,춘자최아파트,033-672-2023,hgim@example.org
박영숙,41605,충청남도 청주시 상당구 개포701로 633-61 (수빈박김동),정훈최차아파트 V동 740호,070-5793-9264,seonghun08@example.org
류도윤,13535,전라남도 횡성군 개포304길 695-32 (순옥김리),정식이김빌라 R동 506호,042-750-5779,hyeonsug05@example.net
문진호,62154,부산광역시 영등포구 서초중앙84가 지하71 (건우박김면),영길진황타운 가동 048호,032-647-7291,yeongjanam@example.com
이영철,01888,강원도 논산시 백제고분로 지하669 (지원이박동),지민허류연립 I동 156호,070-8533-6470,gimyeongsun@example.net
이수빈,21363,전라북도 태백시 강남대342가 514-57,영일전김마을 J동 846호,02-9069-7982,yeonggil50@example.net
백준호,72280,서울특별시 양천구 양재천가 277-59 (혜진박박면),상현김박타운 A동 397호,011-609-6124,ibag@example.net
강상현,80697,충청북도 태안군 서초중앙로 128-64 (도현이리),은영김마을 마동 352호,011-053-1839,eunyeonghan@example.net
김하윤,06280,충청남도 부천시 소사구 개포1거리 지하819,춘자하마을 179호,017-528-7347,yeongjayun@example.org
진영희,93094,인천광역시 서구 양재천59로 412,정순이김아파트 가동 733호,033-875-1448,jangyeongsun@example.net
이현숙,10799,전라북도 태안군 오금270가 897 (재호류이읍),영희김타워 797호,063-283-6543,bageunseo@example.com
최준서,44533,인천광역시 성동구 백제고분거리 454 (현우김박마을),예지이타운 H동 593호,011-077-4200,yeongmigim@example.org
이영미,58241,대전광역시 송파구 테헤란869로 405,지현이마을 207호,043-998-9052,gimhyeonjun@example.net
김서현,98181,경기도 강릉시 도산대528로 65 (옥자김리),하은엄강아파트,017-723-3423,cbag@example.net
김정남,00533,경기도 평택시 반포대65거리 890-58,성훈이빌라,010-6530-6381,gimmiyeong@example.org
권현주,27157,전라북도 화천군 영동대2길 529 (선영유김면),서영황이타워 607호,033-327-8807,zbag@example.org
이현숙,89135,경상북도 광명시 도산대43길 351-9,상현장박타운,041-915-4553,mijeong07@example.com
김성훈,12684,제주특별자치도 용인시 기흥구 잠실가 55,민지손박마을 U동 862호,055-496-2383,eunji14@example.com
오정희,14317,전라남도 안성시 양재천263가 401-73,지후김타워 551호,064-718-9395,jihui@example.com
노경자,45070,경기도 광명시 역삼가 602,유진류타운,010-4779-2922,minsu89@example.com
장서연,73952,충청남도 안양시 동안구 서초대09가 654 (영철김면),재호안김아파트 U동 311호,017-768-6052,ggim@example.org
이준영,71790,울산광역시 중구 학동73가 407-52 (현우김김동),미정민타워 099호,041-664-1285,yeongmigim@example.org
윤정희,24675,부산광역시 양천구 역삼0거리 330-65 (정수서동),지은김타운,019-899-9601,cgim@example.com
박영희,87350,인천광역시 서대문구 가락606거리 904,순자김타워 737호,064-747-4016,seohyeongim@example.org
박예진,10962,경기도 강릉시 석촌호수9로 349-23 (경자김면),지현고권빌라 Q동 101호,070-4894-8977,obag@example.org
서광수,37012,광주광역시 영등포구 강남대71거리 704,주원이이타워 221호,031-002-8690,msong@example.net
박정남,67227,강원도 강릉시 서초대817길 430,우진김타워 S동 457호,052-993-8270,useo@example.net
황명숙,19944,대구광역시 남구 백제고분14거리 지하544,현숙이문마을 가동 783호,017-829-8613,seoyun46@example.com
박우진,09788,충청북도 홍성군 도산대21가 지하577,승민한타워 885호,016-225-4854,yeongjinbag@example.net
이서현,56106,서울특별시 영등포구 삼성8로 645,상철차안타워,032-211-6239,yeonghyi33@example.net
한순옥,19547,강원도 청주시 청원구 학동14로 229-28 (성호이면),정순이곽빌라 바동 273호,033-603-2656,seonghun23@example.com
장시우,60326,광주광역시 중구 석촌호수79거리 414-20,현숙김문마을 E동 309호,061-967-4981,vhwang@example.org
박지혜,25693,경기도 청주시 서원구 역삼길 지하770 (지훈윤면),중수박오빌라 Z동 413호,055-992-4326,mijeonggim@example.net
강중수,30389,울산광역시 영등포구 선릉로 578-81,경자송서빌라 949호,043-111-0818,hyeonjusong@example.org
김은주,68807,광주광역시 은평구 백제고분길 354 (상훈이남마을),미숙문이아파트 O동 948호,064-786-6053,gangsumin@example.net
박영호,78168,부산광역시 서구 언주532길 227 (성훈김면),옥자이이타워 588호,031-754-4352,angeonu@example.com
지하은,35984,제주특별자치도 수원시 영통구 압구정거리 94,경희최연립 017호,064-775-1566,jeonghun38@example.com
강정호,83632,광주광역시 중구 반포대7거리 810-7 (예진이마을),정수장아파트 526호,016-741-0226,jeongja99@example.com
김지훈,47950,대구광역시 도봉구 개포길 465 (서윤안면),성호장류마을 922호,019-893-6322,tcoe@example.com
이성수,14815,제주특별자치도 부천시 원미구 학동로 187-67,진우박빌라,051-566-0938,gimjuweon@example.com
한준호,48608,경기도 삼척시 반포대9로 489-86 (미정주이읍),순자홍나아파트,062-022-7520,bagseoyeon@example.com
김은경,72300,부산광역시 종로구 영동대로 173,영미이빌라,042-851-1200,gimsujin@example.net
김혜진,99323,충청남도 고양시 일산동구 논현21가 576 (민지이읍),경숙이강아파트,054-699-9717,jungsujang@example.net
이승현,05634,경기도 동두천시 강남대3길 276 (혜진장백리),은지신박타운 526호,033-400-9427,jjo@example.org
김현우,57077,광주광역시 중랑구 봉은사32거리 106-57,정남강김아파트 T동 833호,063-988-0060,namseonghyeon@example.org
이정희,82654,충청북도 양주시 석촌호수620거리 913,성현김타워 066호,041-019-9502,bagminsu@example.com
김성민,07109,경상남도 부천시 오정구 선릉538길 655-96 (건우박전읍),영호박이마을,02-1824-3800,xi@example.net
김병철,09479,서울특별시 관악구 삼성길 276 (선영이면),성진윤진연립,054-059-6587,rgim@example.com
윤지원,46061,경상북도 여주시 백제고분2거리 745-81,민서배차마을 103호,064-783-8664,jinhogim@example.net
이영일,52633,제주특별자치도 원주시 강남대가 475 (지연김리),지영김김연립 156호,033-835-8995,gimgyeonghyi@example.net
오현준,69951,대전광역시 북구 논현거리 349-21 (성민김한동),상훈유마을 598호,052-786-7634,vgim@example.org
성유진,83739,전라남도 시흥시 도산대가 566 (진우박읍),정식박김연립,063-618-9811,junhyeogi@example.net
조재호,58814,경상북도 부천시 오정구 백제고분510로 805 (재현김김면),수빈최마을,055-163-7905,yeongsuo@example.com
박상현,75112,서울특별시 은평구 백제고분로 755,지혜강마을,016-099-1014,yeongsujang@example.org
안현숙,41090,전라북도 평창군 학동5로 268,상현황김타운,032-598-9745,nyun@example.org
송현우,16784,충청남도 부천시 오정구 봉은사511길 지하708,예지박오타워 251동 634호,031-784-1471,eunseogim@example.org
남춘자,83452,경상남도 양구군 강남대120가 736 (하은이읍),윤서황김연립 905호,061-550-5078,ri@example.net
송보람,81151,인천광역시 강북구 테헤란로 지하80 (정순김읍),서영이타워 431호,031-083-0873,tgang@example.net
김미정,16720,부산광역시 동작구 테헤란로 557-11 (은주김마을),성현이연립,043-932-9223,jeongja99@example.net
최옥순,43231,서울특별시 동작구 논현706거리 894 (보람김김면),수진김장연립,017-841-7399,abag@example.net
류영일,65914,경기도 성남시 영동대로 78,미영허마을 411호,011-112-7458,mijeong35@example.org
전승현,90414,전라북도 진천군 도산대22거리 425 (지연문우마을),정자홍김타워 611호,044-290-5013,ohyeonjun@example.org
박정순,43460,전라남도 영동군 테헤란가 243 (예준허문동),영환김빌라 V동 278호,044-679-1329,eunyeong88@example.org
배영자,70667,강원도 청주시 서원구 잠실거리 196-84,현주윤빌라 041호,016-224-8114,yeonghwan65@example.org
류현준,48775,제주특별자치도 예산군 테헤란9로 732-19,준혁이아파트 730호,041-419-5219,igim@example.com
임민석,42307,대전광역시 성동구 강남대5로 지하968 (정순김류리),지혜김마을 935호,044-182-4984,gimminsu@example.org
이순자,90680,대구광역시 중랑구 반포대1가 232-25 (정순이김마을),은지박류연립,031-281-0827,ucunja@example.com
백지혜,13872,경기도 서천군 강남대길 400-38 (서윤김최리),은경권아파트 B동 418호,051-620-4225,siu08@example.org
김은지,80151,제주특별자치도 공주시 강남대길 365,경숙김마을,054-485-4102,jeongsugang@example.org
안영진,96804,전라남도 남양주시 석촌호수로 지하568 (진우최류동),우진전연립 744동 092호,041-715-9159,minjunjeong@example.org
신경수,01303,대전광역시 송파구 반포대5거리 824 (성훈이김면),영일박빌라 T동 910호,063-867-3476,jeonghogim@example.com
배성훈,01460,강원도 음성군 백제고분31길 704-22 (보람하김면),준서박박아파트,043-758-0933,hyeonsug18@example.com
문서영,62585,인천광역시 영등포구 백제고분길 지하231,우진박연립,044-926-5902,baegjihyeon@example.net
박현지,18092,대전광역시 광진구 영동대680가 400 (은영안면),경숙김박빌라 C동 311호,031-056-1385,sujin17@example.net
이정수,33589,경기도 보은군 백제고분53로 619-58,현숙송홍타운 C동 579호,061-533-6661,kheo@example.com
최동현,02386,충청북도 성남시 삼성거리 533-91 (지훈김이리),서윤장진타운,054-279-0665,byeongceolbag@example.net
최정호,71824,세종특별자치시 동대문구 봉은사5길 969-19 (상호최읍),영희김이아파트,054-689-9364,mgim@example.com
이재현,88174,경상북도 성남시 수정구 반포대8로 136,성호최김아파트 314호,041-990-4964,ieom@example.net
윤영호,28831,경상북도 삼척시 백제고분691거리 730-13,종수김타운,016-754-1178,coehyeonjeong@example.com
박미정,67789,전라북도 금산군 역삼60가 139-86,수진이타운,053-379-2271,gimjungsu@example.com
박영희,46072,대구광역시 중랑구 도산대로 431-36,예지박빌라 071호,052-510-5159,bagjungsu@example.net
김진호,46747,경상북도 부천시 영동대거리 551 (영철윤박마을),명숙황타운 D동 872호,062-407-8910,ryujunhyeog@example.org
진영수,69909,강원도 성남시 중원구 개포거리 지하21 (현정김주면),민지강노연립 라동 760호,017-799-7306,seoyejun@example.org
김은영,64183,서울특별시 구로구 석촌호수43가 533,민수김타운,042-246-8383,jan@example.org
최승현,07868,충청남도 동해시 석촌호수90로 552,서연김마을 385동 153호,070-8899-7756,sunjagim@example.net
박영식,96285,강원도 안양시 서초중앙0로 161-85 (영희박한동),혜진박오아파트,011-018-4524,yunjeongja@example.org
손성진,21564,강원도 속초시 양재천가 232,영희백타운 802호,032-220-2334,eungyeongryu@example.org
강순옥,63501,전라남도 양양군 잠실6거리 481-98 (경수김리),서윤류타운 760호,061-263-9108,doyunhong@example.org
박현숙,47488,강원도 화천군 압구정길 305-95 (준서최마을),예은김빌라 234호,042-646-5879,jihyeim@example.com
이은주,91292,충청북도 수원시 권선구 선릉로 542-27,미영허안연립 O동 297호,042-465-4484,ban@example.com
박지영,79934,전라남도 아산시 언주41거리 625 (미정권김읍),지현김타워 314호,031-460-5778,mi@example.com
김건우,98842,세종특별자치시 동구 도산대길 지하535,경숙김연립 C동 614호,051-667-1875,coejaehyeon@example.net
윤영식,75117,전라남도 의정부시 양재천거리 187,지영이빌라 178호,062-881-1339,bi@example.com
김하윤,67782,울산광역시 관악구 논현거리 831,영식최이타운,062-584-6388,byeongceolgim@example.com
손순자,59156,울산광역시 강동구 가락로 996,은정배이아파트 756동 633호,063-202-4915,feom@example.org
안영환,11693,전라북도 수원시 영통구 학동거리 20 (미숙김홍동),민서최이타워,064-717-4671,jeongsug57@example.net
김종수,26577,경상북도 이천시 압구정가 144-42,주원이타운,018-735-6932,gojiyeong@example.org
김민서,36420,대전광역시 노원구 석촌호수721가 844,민석김아파트 O동 802호,070-8103-4450,cajia@example.org
이서연,44878,부산광역시 성동구 가락6거리 634-60 (도윤조읍),서준서김빌라 051호,019-817-9511,gimseoyeon@example.com
전주원,92312,울산광역시 북구 가락86거리 692 (지은서서마을),예지윤박타워,019-728-3371,minseo04@example.org
심예지,86874,전라남도 파주시 서초대가 지하66,영식유타운,032-780-4204,jinhogim@example.net
이우진,43726,대전광역시 강동구 석촌호수528가 352 (지후김면),영자김성빌라 M동 717호,011-126-2397,ugim@example.com
최예지,29941,인천광역시 동작구 가락442거리 617 (준서임박리),상훈류타운 N동 854호,070-8429-1870,coehaeun@example.net
한정자,24055,광주광역시 동구 개포길 92-36,성진오빌라 210호,042-441-6318,hwangdohyeon@example.com
임준서,63737,전라북도 광명시 삼성68가 783-53 (영환황김동),예은박양타운 R동 601호,031-140-4884,yejun36@example.net
최서현,18525,대구광역시 서구 삼성로 850,은경김마을,031-435-3420,junhoyang@example.net
이현준,67260,강원도 옥천군 도산대거리 365 (준호김리),채원이노빌라 R동 283호,044-983-8763,ijinho@example.net
이영희,71403,인천광역시 영등포구 역삼로 815-71,현우김한마을,055-215-2950,sujin82@example.net
김성현,05756,서울특별시 송파구 백제고분길 266-20 (순자김동),종수최빌라 라동 074호,070-5779-3821,hongsujin@example.net
김유진,92326,충청남도 수원시 팔달구 서초대거리 622-28 (민지박김읍),준혁김이마을 149호,016-806-7743,seonghyeonhan@example.net
강중수,10092,충청남도 단양군 압구정82가 496,춘자박빌라 019호,010-6097-3595,minseogi@example.net
홍영철,35699,경기도 아산시 개포352가 605,영미김문타운 027호,043-554-8214,ygu@example.net
이영희,45268,세종특별자치시 동작구 가락가 324 (은영송마을),재호김타워,017-497-3772,uo@example.com
노정순,97496,인천광역시 금천구 압구정946길 773,아름윤아파트 367호,011-588-0360,jiu28@example.com
이민지,00161,전라북도 횡성군 강남대47로 518-12,예준박아파트 188호,053-442-6889,seongho77@example.org
류정웅,80591,충청북도 고양시 일산동구 서초중앙8가 392 (지원류동),채원양아파트,063-002-2729,yejigim@example.net
김서현,06449,세종특별자치시 성동구 잠실06로 482,윤서민연립,054-751-2442,yeongsu45@example.org
김중수,99332,경기도 청주시 청원구 압구정거리 328 (예원김마을),예지전연립 432호,017-022-6954,dohyeoni@example.org
양지원,09961,대구광역시 관악구 개포3길 174-9,은경박연립,02-6799-0248,hongdoyun@example.com
김광수,29691,강원도 영동군 영동대가 598 (영수김면),영일김장연립,011-101-3394,sinjihyeon@example.net
최진우,89508,전라북도 천안시 서북구 논현7가 지하427,재호허타워,031-988-9382,sonyeongho@example.org
손재호,03820,광주광역시 마포구 서초중앙469거리 658-24,승현최이연립,062-836-1806,junhyeogbag@example.com
민춘자,50313,인천광역시 강서구 서초중앙2가 894-98,지아이김타워 B동 853호,010-5946-6587,iseongjin@example.com
류정웅,34181,대구광역시 광진구 서초대305로 지하287 (채원김읍),정숙이김빌라 라동 214호,016-739-7625,gi@example.net
서우진,80607,제주특별자치도 단양군 테헤란로 456,경희문조아파트 K동 105호,010-3086-3013,zseo@example.net
권영호,45222,인천광역시 구로구 테헤란247가 33 (현주최조마을),정수장타워 222호,02-0900-6666,yeongsughwang@example.org
손경자,42379,대전광역시 남구 잠실가 56-50 (예진안이마을),정남고마을 J동 751호,02-4284-7182,vgim@example.org
김성호,49796,광주광역시 강동구 봉은사08가 583,정순김고연립 D동 991호,010-2333-2341,jiyeoni@example.net
이은경,83516,충청남도 안산시 상록구 학동115가 713-8 (영자윤안동),영순허김타운 S동 389호,062-310-6537,hgim@example.net
김예은,03364,인천광역시 중구 석촌호수로 430,민재김배타워 라동 356호,053-878-5198,tgim@example.net
박병철,68764,경기도 안양시 만안구 백제고분길 173-68,재호김마을 M동 050호,042-790-0894,junhyeogi@example.com
이영철,85669,부산광역시 남구 도산대89길 지하113 (정자박동),정식최황마을 175호,019-889-7805,baejeongsun@example.com
문지원,16873,세종특별자치시 강서구 서초중앙4길 116-46 (주원류면),준혁이김빌라,02-9142-0233,jeongsun96@example.com
장보람,49588,충청북도 청주시 청원구 압구정길 371-21 (아름김이마을),민재오타워 B동 563호,052-684-6091,junseo36@example.org
김영호,12418,충청남도 남양주시 오금77가 953 (주원한마을),은주이빌라 바동 428호,016-153-0606,jihyeonno@example.org
이주원,29016,충청북도 용인시 삼성1로 322,상호김이마을 G동 933호,052-556-1827,gimhyeonjun@example.net
홍지연,59550,부산광역시 중랑구 가락2가 854,정웅김아파트,033-203-2159,ujin84@example.net
박지아,90413,전라남도 안산시 상록구 학동37길 70,채원김박타운 173호,02-6440-5445,hyeonjuo@example.org
김서연,44540,충청남도 안양시 강남대길 139-12,영순김타운 539호,052-394-9392,gimyeweon@example.org
류현우,23738,충청남도 청주시 청원구 역삼3길 577,미숙박안타워,062-746-0456,eomsangho@example.net
이현우,09920,제주특별자치도 당진시 오금길 391,영숙김김타운,053-595-3538,coeogsun@example.com
윤정수,26654,대구광역시 동작구 삼성로 402-44 (중수김마을),명자김민마을 089호,017-104-3658,jiyeong17@example.net
심영환,87460,대전광역시 강남구 오금로 973,진우이김아파트 G동 915호,033-359-9127,sangceol02@example.org
송미영,57342,제주특별자치도 홍성군 압구정131로 434-29,수진심타운 R동 997호,052-032-1303,yeongilbag@example.com
김은지,02630,강원도 성남시 서초중앙로 622-80 (예은김면),성훈윤이아파트 Z동 538호,043-347-0898,eunjigweon@example.com
이지원,81985,충청남도 횡성군 반포대거리 479-18,현지손타운 L동 824호,054-803-5629,gimminseog@example.net
주예진,44133,경상남도 양주시 도산대가 747,재현이장아파트 023호,070-5480-2350,hyeonji07@example.org
이진호,22765,서울특별시 금천구 선릉로 51 (진우고마을),보람백연립 830호,02-7934-6411,junhoyun@example.com
김성민,39416,전라남도 화천군 반포대920로 498 (수민장동),진호김박타운 K동 436호,019-143-2559,yeongjin63@example.com
허예은,67084,대전광역시 동작구 서초중앙로 지하285 (옥순박이읍),지혜김아파트,016-526-5601,hi@example.net
김영진,40360,강원도 수원시 팔달구 개포55가 771-66,현숙김이타운 923호,063-770-5869,jihyeyun@example.org
한종수,98380,충청북도 안양시 만안구 백제고분2길 401-77 (정희김배면),영숙김이아파트 F동 817호,011-722-4176,minjunha@example.com
최영식,29731,강원도 광명시 개포0가 704 (진우김신동),명숙김타워 998호,070-7440-3017,jgim@example.org
이영일,71807,경상남도 옥천군 도산대518길 186-89 (정희김동),옥순이김빌라 034호,042-330-7412,yeongmiyun@example.org
한민석,32334,강원도 의왕시 서초중앙024거리 266 (명숙이읍),지후하타운 390호,053-124-0120,ii@example.com
한미정,56389,경기도 용인시 처인구 양재천로 949,윤서김박아파트 A동 887호,016-423-4032,cunja23@example.com
윤순옥,86925,인천광역시 남구 강남대6로 지하809,성훈박최연립,061-513-6518,jueungyeong@example.com
안정훈,12071,대구광역시 성동구 봉은사429가 628,보람최엄연립,070-7892-0223,songeunyeong@example.org
김현정,67058,광주광역시 도봉구 삼성45거리 591-80,영미김아파트,042-478-2440,seongjinbag@example.com
이현우,80171,충청남도 청양군 개포가 614,영호김윤빌라 029호,054-543-9790,jaehyeonyun@example.com
장경희,60268,전라북도 당진시 논현5로 777,종수송강빌라 299호,054-287-1438,jiyeong31@example.com
이혜진,39958,경상북도 양구군 도산대가 지하441 (민서한김읍),도현박윤빌라 847호,018-923-7419,jeongsug21@example.net
박민서,13040,광주광역시 북구 도산대로 498 (성호서김마을),정수정김마을 564호,043-676-0526,egim@example.org
윤종수,12729,울산광역시 금천구 도산대332가 561-43,준호이김연립,017-165-2226,fbag@example.net
이재호,75531,부산광역시 금천구 반포대686거리 951-49,지우김심아파트,011-153-9195,seunghyeonyu@example.org
강민수,46795,대구광역시 강북구 논현50길 264-79 (상철이성마을),상철황이아파트,018-240-7190,seonghyeongweon@example.org
구영미,17075,울산광역시 성동구 백제고분0길 지하424,영식이김연립 998호,033-770-1394,baeseongsu@example.org
권성수,87492,충청남도 괴산군 개포가 361 (하윤박주리),정수노김마을 754호,052-346-5627,yeongjin30@example.com
이서윤,78646,충청북도 양구군 반포대0가 386 (준영한박마을),도윤김타워 마동 864호,041-536-5387,bagyeongja@example.com
박진우,87968,강원도 영월군 반포대08로 713-60 (도현최리),하은김강마을 마동 476호,063-259-3108,fjang@example.com
김하윤,55972,울산광역시 서대문구 반포대1길 347-59,현준김빌라,070-9846-1251,iseonghyeon@example.com
오현준,36101,세종특별자치시 종로구 압구정길 714 (지훈최박마을),경자이김아파트,043-309-1647,jomigyeong@example.com
이지민,68313,강원도 군포시 석촌호수길 516 (영길이면),서현이백아파트 F동 699호,019-111-6754,minsubag@example.org
노영호,06213,서울특별시 용산구 영동대로 929 (현주오이리),미숙김서빌라 266호,032-564-2300,jongsu33@example.com
이하윤,78377,대구광역시 강동구 영동대6가 881-62,지훈이이타워,063-565-1988,baehyeonsug@example.org
최예은,09437,전라북도 성남시 중원구 학동043길 79-58 (영진이동),혜진신김빌라,032-486-1969,jongsu25@example.net
이영환,21638,부산광역시 관악구 반포대길 755-20,영호이타운 R동 377호,042-572-7589,junyeonggim@example.net
윤지훈,79251,광주광역시 동작구 도산대072로 160 (지후이읍),은영박빌라,044-825-5764,gweonmigyeong@example.net
남지혜,75164,경상북도 강릉시 반포대28로 948,영길이마을 가동 416호,052-691-6658,sunog46@example.com
박영환,47325,세종특별자치시 구로구 압구정길 435,주원이김타운,055-853-7641,jeonghogim@example.com
이옥순,30113,대구광역시 도봉구 개포166거리 346-48,준영양빌라 W동 306호,064-713-2061,jimin14@example.org
이현주,85957,대구광역시 강동구 도산대가 330 (아름김면),지원김김아파트,041-758-9016,ryuyeongjin@example.net
이서연,12762,인천광역시 강동구 서초중앙거리 지하585,정순안아파트 827호,041-714-4229,baghyeonji@example.net
김서준,90297,대전광역시 동대문구 도산대65로 497,은영권마을,042-181-6030,sunogjo@example.com
윤유진,39750,전라북도 양구군 영동대6길 211-54 (영호김박읍),영순박타워,041-095-2499,tbag@example.org
이상호,01865,경기도 고양시 서초대01거리 163 (혜진김오읍),영길손배마을 B동 140호,019-792-4480,yujini@example.net
이은정,07675,대전광역시 서초구 강남대길 654,은지최마을 428호,018-348-8622,hyeonjeong75@example.org
박옥순,73201,충청북도 성남시 수정구 개포9가 164-83,하윤이타워 N동 204호,044-205-4884,bno@example.com
이영수,97189,충청남도 고성군 양재천8거리 714-42,명자홍곽마을 706호,055-123-4662,anyeji@example.org
박영철,79845,대전광역시 북구 테헤란31거리 63 (은영류리),은경김이빌라 722호,031-265-2781,eunjui@example.org
이아름,72124,경상남도 제천시 오금778로 646-30,옥자강마을,051-542-1422,tjo@example.com
윤중수,71654,인천광역시 도봉구 강남대6로 892-27 (영호전송동),정희이강마을 696호,044-735-7329,jimin07@example.org
신서현,67990,세종특별자치시 종로구 압구정677길 지하799 (준혁서리),경숙김이마을,070-7978-8739,bagyeji@example.com
김정남,52947,울산광역시 성북구 테헤란0거리 571 (순옥류동),성현김빌라,017-805-4578,ygim@example.org
김중수,62113,대구광역시 중랑구 선릉47길 985-62 (지훈이읍),명자김아파트,018-931-1497,haeungim@example.net
송명자,00795,인천광역시 구로구 삼성로 119,진호박강연립,041-467-7950,byeongceolgim@example.com
우주원,89942,제주특별자치도 포천시 잠실735가 743,정숙황연립 083호,041-333-0330,yeonghwan98@example.net
김순옥,80565,부산광역시 중랑구 반포대가 805 (하은김류면),경희김타운 H동 555호,063-107-6612,gimmyeongja@example.net
허지훈,34905,부산광역시 용산구 봉은사길 364-66 (정웅서김동),준호김김타운 409호,016-090-9413,hayun16@example.org
배하윤,54604,대구광역시 강남구 봉은사로 462 (현정최김면),하은김타워,043-133-7954,geonugang@example.net
김은지,24607,충청남도 청주시 상당구 영동대가 178-64,지아오마을,043-698-9899,cunja20@example.net
박준영,17957,전라북도 옥천군 영동대거리 181,춘자이오빌라,02-4790-3882,junseou@example.org
배영미,03822,경상북도 영동군 논현거리 706-36,상훈양타운 F동 017호,018-571-8790,igim@example.net
손옥순,12144,전라남도 수원시 권선구 삼성로 844-43 (보람김한읍),영일서윤마을 076호,064-708-4169,wgang@example.com
김영희,21963,서울특별시 남구 학동거리 622 (예은윤동),재호이김연립 F동 791호,016-521-8828,icoe@example.net
박준호,44766,제주특별자치도 청주시 청원구 반포대거리 583-82 (미정황이리),승민장타워,011-169-0085,munmiyeong@example.net
김성진,33369,부산광역시 강서구 선릉거리 지하577 (영환이동),민서최빌라,018-576-5822,ieunju@example.com
한영순,36279,서울특별시 서대문구 삼성9길 835-71 (상철이읍),민석홍연립,010-4350-0649,bagsumin@example.net
박영진,61606,경상남도 인제군 논현가 257,정훈김박연립,019-577-5818,gimjihun@example.com
이정웅,05509,충청북도 서산시 도산대15길 804-45 (정식이동),정순권서아파트 038호,011-031-3152,hayun51@example.net
김주원,61422,세종특별자치시 종로구 서초중앙가 453,예진김마을 449호,042-872-3093,jeongsu42@example.net
이민지,02243,울산광역시 구로구 영동대길 106 (정자차김마을),정수김빌라,070-6361-3952,mijeong05@example.net
안옥자,49978,울산광역시 강남구 언주가 287,현숙민타운,062-269-7723,yeongceol46@example.net
최선영,28532,강원도 광명시 양재천로 294-52 (은주김남리),정호박타운,042-621-7562,ki@example.com
한동현,45806,광주광역시 서대문구 개포거리 300,서연김타워 마동 446호,052-180-4589,siu27@example.net
김보람,40521,전라북도 수원시 논현3길 902 (승민이리),시우신김타워 H동 185호,054-938-9782,gyeongja42@example.org
김민서,29626,충청남도 보령시 서초대435가 952-41 (상훈박동),미영박문연립,02-6780-7826,iyeji@example.net
오상현,20195,광주광역시 도봉구 양재천5거리 지하444,상현한최마을,054-496-1380,gyeongja42@example.org
류도윤,63405,서울특별시 동대문구 반포대20가 897 (경숙이동),상현이연립 라동 017호,051-824-4038,seoyeong30@example.net
권동현,46642,전라북도 의왕시 삼성7거리 148-9,준호이김타워,053-783-9333,gyeongsug37@example.net
이준혁,13161,부산광역시 강서구 개포39거리 28 (진호유백리),지영손빌라 670호,052-629-1848,honggeonu@example.com
김미경,49689,대전광역시 서구 역삼길 282 (정순김마을),숙자김김연립,062-721-1498,pyun@example.com
송현정,49847,대전광역시 강남구 오금길 363 (선영한리),유진박박연립,018-925-3791,xgim@example.org
김진호,88040,전라북도 안양시 만안구 잠실750로 909-84 (수민김마을),현우박타워 X동 070호,061-016-5687,wi@example.com
이주원,12629,서울특별시 강북구 도산대92길 426,예은윤타운,018-779-8163,xgim@example.net
최건우,45304,대전광역시 마포구 서초중앙길 80,정순강타워,018-993-4084,ti@example.net
최도현,59229,대구광역시 중구 봉은사길 지하833,채원최박타워 864호,064-754-0241,jeongsunsong@example.com
김주원,07741,서울특별시 은평구 서초중앙710길 959,지원하이연립 942호,061-135-8729,ogja05@example.org
문서준,89836,경상북도 당진시 삼성406거리 573-57 (영진이면),정수최이타워,054-864-4456,junhogim@example.org
류서윤,92396,부산광역시 송파구 언주09가 753-2,정숙배남타워 L동 695호,052-652-9289,songsangceol@example.org
이성현,09654,경상북도 안산시 압구정7로 지하13,현준김연립,017-726-8063,jongsu39@example.com
이정훈,21777,경상남도 괴산군 언주거리 34,민수남타운 541호,070-0774-9194,ugim@example.org
전진우,89630,경상남도 오산시 압구정125가 501-1,광수김빌라 다동 471호,041-756-5851,sanghunsin@example.org
홍상철,80588,제주특별자치도 정선군 양재천거리 96 (은정이한면),성수황타운 J동 116호,070-5907-3568,yeongsui@example.org
이경희,82833,충청남도 동해시 잠실18가 355-59,현지김홍아파트 Z동 860호,031-357-7695,jeongung42@example.net
김민서,79546,인천광역시 금천구 학동로 지하107,예은김연립 627호,02-3214-7819,fgim@example.com
배성진,30295,충청남도 논산시 백제고분6가 387-55 (성훈김면),영식민이마을 805호,064-708-1906,sujin88@example.net
김지훈,06351,대전광역시 강동구 선릉6거리 124 (지아김동),지훈이마을 884호,061-093-2180,seongsu85@example.com
박지혜,08371,인천광역시 동대문구 삼성길 752-12,성진박박연립,062-174-4818,minsu01@example.net
김종수,43100,전라북도 안산시 삼성길 957-46,지연박아파트 Y동 246호,02-3275-8923,obag@example.org
이서준,95757,부산광역시 송파구 선릉6가 546-62,유진이김빌라 H동 884호,042-393-1026,guseongsu@example.org
황민석,38813,경상남도 동해시 오금0거리 218 (은주윤이읍),지혜최박마을 905호,052-423-2756,xgim@example.com
박정웅,76301,부산광역시 은평구 서초중앙958가 945-39,현주김이빌라,010-7580-5318,sunoggo@example.org
김성수,00005,부산광역시 종로구 학동길 지하535,지영박아파트 988호,043-912-9140,gwagogja@example.com
한중수,28332,전라북도 아산시 양재천115로 146,예지서오빌라,017-389-7953,baeyejun@example.org
윤영수,33481,부산광역시 동대문구 개포로 455,경자이아파트 783동 354호,018-541-5095,dohyeon65@example.net
주민서,01553,경상북도 홍성군 언주로 지하172,지영권김빌라 090호,016-069-1685,jangseonyeong@example.com
김미영,51899,울산광역시 광진구 양재천길 208-85 (하윤신읍),지훈손연립,044-980-1479,acoe@example.org
양정식,48221,서울특별시 강서구 반포대길 985 (수빈최읍),수민김장연립 532호,063-160-2297,gimjunho@example.com
안현지,10014,경상북도 철원군 도산대가 302 (상훈장박동),영호황전빌라 바동 826호,062-290-9233,jeongseunghyeon@example.org
허정순,15099,부산광역시 종로구 테헤란414거리 697,서준이김아파트,063-522-9932,jseo@example.org
오동현,21529,울산광역시 광진구 백제고분길 532,영진서타운 847호,02-2273-4396,ebae@example.net
이미정,82943,대구광역시 성북구 잠실가 545-16 (영환김읍),영수윤김빌라 453호,010-8692-6730,yejin68@example.com
손순옥,53576,울산광역시 강서구 오금6가 855,지훈김연립,062-541-8663,seoyuno@example.org
문주원,29874,전라북도 괴산군 개포로 975,성현백타운 G동 922호,033-621-2720,yunseo89@example.net
황정자,92776,충청북도 안산시 단원구 압구정63거리 지하120,지훈이빌라 I동 025호,019-387-4365,pgim@example.org
이수민,58824,광주광역시 노원구 역삼852거리 750 (성진윤면),진호이타운 190호,054-331-5778,yujini@example.net
노성훈,68050,대구광역시 동작구 석촌호수로 312,윤서박김타워 마동 733호,043-213-5975,gimjiu@example.org
이정식,95478,부산광역시 서대문구 백제고분길 7 (지연고박면),혜진강이빌라 J동 142호,017-178-0338,zi@example.com
송미영,88890,경기도 용인시 개포53거리 821-12,서연김연립 992호,017-305-4907,jangmyeongsug@example.com
박정수,50705,광주광역시 남구 가락가 864 (성훈문읍),수빈정이빌라,052-928-5007,seongmin52@example.org
강경희,03752,울산광역시 용산구 봉은사로 353 (지영이마을),종수박타운 408호,011-085-7992,wgang@example.org
김지은,21341,충청북도 논산시 오금거리 467-38,정훈문류타워 281호,055-603-4446,ijeonghyi@example.com
김재호,23882,전라북도 성남시 강남대78로 546-51 (숙자이읍),준영홍타워 T동 572호,051-358-8832,gimcunja@example.org
안정남,92398,서울특별시 중랑구 오금552로 216,서준김연립,051-691-3771,goseoyeong@example.net
박윤서,23735,경기도 고양시 일산서구 서초대34길 171-18 (진호조이마을),지아이양연립 D동 366호,010-4713-7342,ogjaryu@example.org
이은정,94594,전라북도 영동군 백제고분로 766-51 (서준김리),은서박타운 가동 922호,031-299-5243,seunghyeongim@example.org
김지혜,14555,제주특별자치도 용인시 양재천45길 121-45 (현우이면),현지고타워 U동 935호,010-8469-1250,au@example.org
이상철,54866,울산광역시 강남구 봉은사2가 678,지훈류마을 J동 235호,062-507-2796,eunseogang@example.net
박영수,48105,서울특별시 은평구 석촌호수727가 900,예진박김아파트,052-830-4019,yeongceol66@example.com
박서영,03217,대구광역시 동구 서초대로 12-12,지아박타워,033-491-9839,gimmigyeong@example.org
주영희,29409,부산광역시 중구 압구정6거리 532,지영조연립,033-727-1575,gimyeongsig@example.org
장지훈,05193,세종특별자치시 영등포구 테헤란5길 261 (영진엄김읍),지원안아파트 J동 280호,010-5852-2791,baggwangsu@example.net
황정숙,41038,서울특별시 성동구 선릉로 864,하윤김이마을 820호,063-200-2485,jeongsuan@example.com
김승현,74783,대구광역시 중랑구 봉은사길 75-77 (경희김면),진호이마을,051-468-1854,miyeonggang@example.com
최예은,41889,부산광역시 마포구 서초대216로 936-53,지훈류타워 200호,053-907-3188,jinu87@example.com
홍경희,79172,대전광역시 은평구 반포대953거리 지하457 (건우양면),은영박배아파트 128호,019-724-7380,aju@example.net
김지아,50405,전라북도 여주시 개포5가 721 (서윤권최동),준혁이연립,033-560-5740,bagjunho@example.net
고성민,53246,광주광역시 노원구 삼성0로 736,상철김김마을,031-363-5024,songsangho@example.com
황영수,63618,경상남도 오산시 오금420길 427-4 (승현이마을),재호박타운 687호,044-810-0624,sunjaha@example.com
민미영,13243,대구광역시 영등포구 영동대거리 612,영숙전타운,010-7043-5173,wgim@example.com
이정희,46664,경기도 용인시 가락로 834-82 (서연이김동),정자구이연립,018-459-2930,wgim@example.net
양준혁,18564,서울특별시 구로구 압구정1로 827 (성진이이마을),정식이연립,064-788-2175,mcoe@example.org
고현준,92753,경상남도 고성군 석촌호수565가 784 (영숙강윤면),건우신연립 779호,042-829-8926,yeonghoseo@example.org
이영미,56046,전라북도 용인시 잠실가 653,은영최권연립 F동 519호,055-950-7482,gimsugja@example.com
이경숙,59846,세종특별자치시 성북구 오금08가 767 (성호김이마을),순자김타운,070-6250-3743,yejun50@example.net
이서영,67854,전라남도 영월군 개포길 187-48 (준호우허면),중수이김타운 111호,02-2532-0348,bbag@example.org
김민석,28654,강원도 광명시 테헤란거리 941,중수류고연립 029호,02-0488-9038,minsuseo@example.org
박하윤,56558,경상북도 고양시 일산동구 강남대거리 877-76 (지현김오읍),승현박타워 197호,02-5891-9350,hyeonjeong44@example.com
황서영,87708,서울특별시 종로구 석촌호수길 565,정수박마을 T동 949호,011-736-2793,seonghun05@example.org
김미경,04976,인천광역시 성북구 서초대로 360-37 (재호전마을),미영김빌라 D동 863호,031-305-2726,haseoyun@example.net
최채원,12255,충청북도 안성시 서초중앙거리 462-17 (상철김송마을),정훈김이연립 347호,031-242-0278,jeongsigbag@example.com
유옥순,49025,세종특별자치시 서대문구 학동532거리 88-26,영숙이타운 P동 469호,064-717-6563,ji@example.net
최서영,05785,세종특별자치시 남구 오금거리 375,미영권아파트 434호,063-510-3396,iseoyeong@example.com
이서현,18697,경상북도 논산시 개포로 지하238,현주권연립 307호,052-845-6189,yeji62@example.net
오정호,30419,울산광역시 은평구 서초중앙6가 570-44,서윤홍마을 T동 081호,052-635-9536,gyeonghyi87@example.com
권지아,19291,충청북도 여주시 반포대거리 지하308 (서준손동),우진이타운 440호,064-701-4671,yeongsun57@example.net
이현우,16795,충청남도 당진시 언주거리 지하881 (지연김마을),재현박박연립,054-661-1399,gimseoyeon@example.org
박미영,79594,강원도 포천시 오금길 367 (명자정장리),영진문타운,054-955-4474,seunghyeoni@example.com
김춘자,65331,인천광역시 서대문구 오금로 183-78 (상호최동),은정최타운 187호,043-270-0846,asong@example.net
박지우,14407,전라북도 당진시 도산대거리 995,미정양타워 다동 480호,043-163-9361,bagseoyun@example.org
김성민,98711,광주광역시 종로구 잠실57로 172-42,영일권김타워 800호,018-699-9069,jiyeong15@example.org
김성수,55596,제주특별자치도 고성군 잠실740길 34-32 (영환김마을),영수엄이마을 954호,063-587-0716,misughong@example.com
김상현,62047,인천광역시 양천구 잠실180로 지하212,상현이문타운,043-639-3610,ygim@example.org
한서연,49712,충청남도 군포시 삼성1길 419,정자진마을 T동 132호,041-793-0594,gimseongsu@example.com
이광수,96899,경기도 고양시 반포대68로 901,미영정빌라 552호,061-908-0360,yangjunyeong@example.net
오민준,35800,세종특별자치시 중랑구 서초중앙4거리 374-92,지은권구타운 F동 826호,032-952-8451,kgim@example.net
박지우,42704,울산광역시 강서구 서초중앙116로 356 (미영최마을),은영홍마을 217호,031-375-9685,fcoe@example.org
김시우,16892,경상북도 논산시 석촌호수741길 162,정희이빌라,064-748-3669,no@example.com
손영식,70161,전라남도 괴산군 봉은사거리 678-26 (지우이박리),수민이전타워,052-046-5288,jungsubag@example.org
이미영,70826,경상북도 성남시 분당구 가락70거리 260-54,민재이허연립,064-701-5024,mijeong80@example.org
이성민,08828,전라북도 시흥시 도산대541거리 34-78 (지은박김마을),준영김박연립,070-4687-3922,ogim@example.net
장주원,97541,인천광역시 강동구 서초중앙04길 290-73 (숙자서동),현숙김이연립,031-782-1288,gyeongja10@example.com
김순옥,34202,세종특별자치시 동대문구 양재천6가 833 (민석김면),병철박타운 838호,041-180-9769,subin68@example.net
배성민,25117,대구광역시 중랑구 강남대로 621-19,지은오김타운 B동 248호,02-6512-3670,jaehyeoncoe@example.com
홍정자,31402,인천광역시 서대문구 삼성91거리 133 (지아박읍),정훈김타워,017-412-0455,rgang@example.net
박경숙,43459,경상남도 광명시 삼성026로 529,상호송권타운 113호,070-6449-0523,bagsugja@example.org
이정웅,49523,부산광역시 관악구 테헤란거리 861 (예은황마을),성현문마을 라동 677호,032-658-8700,sanghyeoni@example.net
김서윤,03546,인천광역시 노원구 테헤란거리 182,은경홍마을 695호,064-707-2092,jaehosong@example.org
권광수,33328,울산광역시 강남구 학동거리 지하311 (현지서리),유진김연립 바동 002호,061-702-7118,jeongsuggim@example.net
배은주,76366,대전광역시 금천구 역삼6가 551 (지연윤이면),정식이연립 A동 542호,070-3081-7214,seohyeoni@example.org
오미정,30955,전라남도 수원시 권선구 테헤란가 465-27 (영미박리),준혁우타워,062-706-7406,seoyeongi@example.net
김재호,76203,대구광역시 동구 개포가 371-97 (영철윤이마을),채원박이아파트 Q동 558호,055-382-8305,jiuim@example.org
김지원,48807,울산광역시 도봉구 언주길 402-98 (옥순안동),상철안마을,017-392-7566,yujini@example.org
이건우,11372,전라북도 여주시 도산대거리 572-28 (진호한동),승현김아파트,016-799-5860,jia55@example.net
김현준,09953,제주특별자치도 양평군 도산대거리 285-81 (지원김김동),성민김연립 Z동 083호,070-9854-0684,ieungyeong@example.org
문영숙,74761,광주광역시 동대문구 역삼9길 285 (승민이면),채원윤아파트 035호,062-949-4705,hongmigyeong@example.org
우정훈,42609,경상남도 철원군 학동3가 308 (정남우마을),상현김박빌라 067호,033-958-7247,hongseoyeong@example.com
박서준,29247,세종특별자치시 광진구 오금거리 770,예은김연립 832호,064-750-7829,eunyeong11@example.com
김지후,29733,세종특별자치시 동구 양재천49거리 339-79 (혜진김마을),예지한빌라 403호,064-722-3458,yeonggilyun@example.com
김재현,14947,전라북도 수원시 팔달구 오금가 116 (준호박이동),숙자이오빌라 P동 723호,033-415-6322,junho20@example.com
최지혜,45850,경상북도 원주시 개포길 137 (영환이박동),서현이이빌라,042-467-1798,qgim@example.net
이숙자,33557,대전광역시 강서구 언주01로 788 (현우장장동),예준이빌라 549호,064-757-3603,yeongil70@example.org
김중수,92514,충청북도 고양시 일산서구 논현거리 지하104,선영이이타운 다동 814호,055-911-1279,seongsu86@example.com
심미숙,39974,전라남도 아산시 가락길 414 (보람이문면),영미김김빌라 92동 115호,011-602-4801,jeongsu96@example.com
권수빈,39463,부산광역시 동구 반포대길 943,영환최최연립 W동 339호,054-028-1675,gimjunyeong@example.net
박현준,59123,서울특별시 용산구 삼성757거리 878-5,예지김마을 K동 270호,019-917-4346,xgim@example.com
김현준,17695,경상북도 영월군 논현710로 404,혜진곽박아파트 714동 206호,051-686-5321,jihyeon18@example.com
조민석,13200,강원도 파주시 양재천881거리 815-72,영희박타워 178호,051-508-6384,jeongnam11@example.net
이예원,90644,경상북도 논산시 서초중앙256길 512-93,은정장마을 V동 622호,011-581-7598,coeseongjin@example.net
박아름,05379,충청북도 안양시 동안구 역삼거리 지하181,혜진김빌라,051-334-7322,gimsujin@example.net
전서준,91202,울산광역시 동구 역삼9로 지하127,유진박한연립,041-453-8890,yunseocoe@example.com
이서연,39335,충청남도 양평군 가락4가 623-28 (영순김박동),승민윤이아파트,016-628-2471,iminseo@example.net
이현우,13132,인천광역시 송파구 서초중앙가 635,우진이노마을 246호,041-778-7630,junhyeog54@example.net
홍건우,85754,전라북도 용인시 처인구 테헤란07로 473-71,현지김타워,016-218-4080,ijeongnam@example.org
강시우,30544,전라남도 예산군 백제고분길 165,예진박남타워 H동 802호,016-744-9290,eunji35@example.com
하혜진,46189,서울특별시 노원구 잠실59로 577,서윤남타워 286호,054-090-9836,yeongil13@example.com
안종수,20632,충청북도 오산시 잠실로 810-37 (서현나마을),현주김빌라 U동 192호,017-132-7390,ji@example.net
조민준,72014,전라북도 아산시 강남대가 865,은영최빌라 X동 977호,031-701-5881,ci@example.org
김도현,16536,충청북도 동두천시 백제고분392로 지하60 (건우김김면),수민김타워 B동 743호,053-463-9271,seonghyeonseo@example.net
이민준,62490,부산광역시 동작구 서초중앙가 지하586,우진김연립,042-719-2820,yeongsiggim@example.org
김영호,27453,전라남도 수원시 영통구 선릉거리 765,정웅황문연립,043-528-7204,seongsu31@example.net
이민수,29214,경기도 양평군 삼성7거리 302-99,명숙권빌라,053-009-7874,hayun74@example.com
전서준,52511,세종특별자치시 금천구 백제고분95거리 361-41,아름김타운 Q동 576호,033-232-1837,gimsumin@example.net
박성민,67835,울산광역시 마포구 서초중앙로 73-67,순옥김이타운,031-313-0431,gimyunseo@example.com
성윤서,72424,전라북도 화성시 석촌호수가 지하365 (도현이면),지후신양마을,010-9888-5309,jeongnam39@example.org
안혜진,12573,부산광역시 도봉구 잠실7길 227 (민재구리),명숙류우마을,070-5176-5912,subin43@example.net
이혜진,47721,강원도 서산시 선릉로 478 (영일윤김면),미숙장박타운,055-456-4578,iseongmin@example.net
김정순,01697,경상남도 영월군 가락로 578-45,건우박빌라 P동 781호,042-139-8036,hyeonjigim@example.net
주중수,61804,충청남도 안산시 단원구 역삼거리 지하254,하윤김타워 289호,055-763-2091,zbag@example.com
이예원,69771,경기도 춘천시 언주길 194,영일박빌라 716호,010-7765-9750,coeyujin@example.net
안진호,79064,경기도 횡성군 백제고분길 856 (지우김강마을),민수오타워,064-767-6687,bageunyeong@example.com
심종수,53686,전라남도 금산군 삼성2가 389-42 (민석최윤마을),옥자신홍마을 J동 406호,052-048-2570,dna@example.net
장종수,40070,대구광역시 도봉구 언주446길 354-94,미정이박타운 859호,064-722-0905,jeonghyi03@example.org
손도윤,71946,제주특별자치도 양평군 오금5길 548 (윤서박면),영식배이타운 572호,017-489-3436,gimyeji@example.org
김경숙,40455,전라북도 보은군 봉은사가 683-77,재현박아파트 V동 490호,042-729-3029,jangsiu@example.net
김상훈,68667,경기도 연천군 도산대거리 794-50,상철하이연립 057호,02-4649-0004,jimin77@example.net
오예은,85097,서울특별시 종로구 개포길 300 (영환이황읍),민준송마을 D동 859호,018-714-8132,gimyeongsug@example.net
이예은,61174,전라북도 서산시 강남대2길 819-13,동현강고타운 103호,054-557-3991,snam@example.net
김경숙,95813,서울특별시 도봉구 학동거리 200-70 (영자오손동),미숙안문연립 W동 180호,042-511-9464,jihugim@example.com
윤지우,37964,전라북도 과천시 테헤란3거리 176-67 (서준김면),현정박박타운 114호,054-750-9645,yeonghyi81@example.net
이숙자,49222,경상북도 홍천군 영동대89로 209-25,영자이마을 210호,062-302-5666,jihungim@example.net
김하윤,46515,인천광역시 강남구 개포9로 176 (하윤윤우읍),정웅강연립,010-2770-4558,jangjia@example.org
이민석,64526,제주특별자치도 성남시 수정구 압구정거리 385-49,미경김이아파트 380호,043-276-3795,jeonghyijang@example.org
류정식,51854,부산광역시 영등포구 영동대9가 532-76,옥자이박아파트 653동 916호,070-4151-6291,geonuu@example.com
김민수,36319,울산광역시 용산구 백제고분8길 540,수민김이빌라 711호,011-942-8162,hongsumin@example.net
오우진,95056,대전광역시 서대문구 논현53길 16,정식황아파트,016-756-1715,seoyeongmi@example.net
김숙자,80020,서울특별시 관악구 석촌호수40거리 629,윤서고강마을 259호,010-1056-2801,ki@example.net
박순옥,36370,인천광역시 도봉구 서초중앙거리 246-50,아름김김타워 328호,051-934-6668,jeongsuggim@example.org
이건우,48998,전라남도 과천시 가락489길 지하159,진호장타워,044-641-1297,ijiyeon@example.com
김영진,12447,세종특별자치시 관악구 삼성거리 626-58 (도윤최동),미숙최민타운 101호,070-6354-7133,iseongmin@example.net
박재현,20033,충청남도 안성시 테헤란9가 312,예은김타워,055-552-8210,haeunjeong@example.org
윤성훈,51273,서울특별시 서구 반포대898거리 41 (미경이이마을),지연김마을,016-364-2188,seohyeon14@example.net
김정식,27886,인천광역시 도봉구 압구정4길 234-8 (미숙백리),영숙이마을 K동 581호,052-406-6145,nbag@example.com
고정순,25605,인천광역시 마포구 강남대8가 669-67 (현정김박면),상호김타워 233호,016-964-8628,gimyeongsun@example.org
심정숙,55032,충청북도 고성군 선릉가 534-24,지원이한아파트 N동 739호,02-6620-9102,rgu@example.org
안정순,00608,제주특별자치도 화성시 서초대거리 155,민수김마을 F동 303호,051-025-3636,ebag@example.net
양미숙,77200,서울특별시 금천구 잠실1거리 733 (정숙이면),수빈백마을 254호,018-965-4492,ijunyeong@example.org
김성민,28793,제주특별자치도 과천시 언주로 421-77,정훈김타운 E동 415호,054-500-4777,haeun67@example.org
김중수,91121,경상북도 서천군 개포가 345,승현정최마을 A동 792호,016-917-3432,yeonghwan07@example.com
김명숙,63787,부산광역시 용산구 오금95로 814-98,은정양타운 228호,063-285-2947,pnam@example.com
김채원,02411,인천광역시 성북구 삼성가 348-53 (민준박마을),정호박김연립 라동 725호,052-752-8205,rbag@example.com
윤예은,21620,세종특별자치시 동작구 언주로 168-65 (옥순송최리),상현강민타운 M동 187호,064-774-9254,rjang@example.org
권상훈,58308,충청북도 수원시 장안구 서초대가 지하114 (지연김면),경수이연립 Y동 066호,063-923-9882,ssong@example.org
성경수,90633,대전광역시 강동구 영동대679거리 298 (준서이이읍),준서구장타운,041-372-0072,yeongsug91@example.org
김성현,04880,울산광역시 강북구 개포8길 392-37,유진김서빌라,070-4031-3288,isubin@example.com
김지은,81151,경상북도 수원시 팔달구 삼성거리 920-88 (선영허리),숙자박이아파트 661호,055-392-1701,jeonghyigim@example.com
박정자,56553,대구광역시 관악구 오금길 925 (상철이최면),영환이마을 T동 608호,044-343-4103,jeongsumun@example.com
박서영,43947,충청남도 횡성군 백제고분6거리 839 (도윤장권동),성훈배오타워 N동 159호,061-387-1926,nyu@example.org
지옥순,71653,대전광역시 동구 잠실249로 지하606 (종수김리),명숙이아파트 001호,042-589-9662,hwangeunju@example.com
안하윤,90976,부산광역시 도봉구 반포대8가 지하775 (경수박면),은정김마을 041호,011-947-0516,tgim@example.net
김미경,90340,인천광역시 동작구 역삼767로 813-29,은영이이타운 792호,052-449-8734,yeonghyi44@example.com
서정숙,51848,대전광역시 강남구 영동대367로 728-14,경희박빌라 956호,054-136-8832,guhyeonu@example.com
김영환,60033,전라남도 부여군 테헤란가 786 (수진김면),광수김아파트 775호,062-118-2013,coedonghyeon@example.com
김예지,26362,제주특별자치도 수원시 장안구 도산대가 942-73,춘자양김아파트 D동 809호,02-3270-1275,eunyeongcoe@example.net
민동현,57584,세종특별자치시 동작구 석촌호수가 지하83,수진박김아파트,053-647-6706,minsuha@example.org
이민준,44561,울산광역시 중구 영동대849로 806-29 (성수조리),수민안타운 970호,070-1165-4393,bagyeongil@example.net
손예은,67794,세종특별자치시 영등포구 삼성거리 148-32,영환권이아파트 Z동 501호,043-272-1209,zi@example.com
김지후,04909,경기도 의정부시 양재천길 지하773,지우이최빌라 가동 000호,070-7972-8588,bagseongsu@example.com
양진호,88280,광주광역시 강동구 양재천3가 446-65 (정수김마을),서연엄이타워,051-229-7597,seoeunjeong@example.net
안지훈,69419,세종특별자치시 양천구 삼성15거리 921 (병철김이읍),민지이타운 616호,043-624-1872,phan@example.net
박민석,53511,대구광역시 금천구 테헤란거리 662-32,옥자박타운,055-172-4998,coeseoyun@example.org
장정남,94858,경상남도 부천시 오정구 가락길 741,성진홍신빌라,011-728-9984,gimhyejin@example.com
장순자,45067,경상남도 영월군 봉은사84거리 401 (춘자이읍),병철이빌라 281호,031-612-8630,yeonggil71@example.com
박춘자,87601,광주광역시 용산구 석촌호수25로 135 (하은진안리),영자김홍타운,044-003-9226,jgim@example.net
조지훈,14841,제주특별자치도 남양주시 가락750가 360-33 (영철한이읍),건우배빌라 891호,044-199-3850,yi@example.net
김준혁,42341,부산광역시 종로구 서초중앙0가 491-48,정수김문타워 351호,055-098-8580,junseo96@example.net
김윤서,54197,부산광역시 성북구 선릉370로 936,영희이윤마을 938호,042-242-8266,si@example.com
최민준,70841,광주광역시 서대문구 가락로 443,영숙박타워 O동 159호,055-328-4847,jeonghogim@example.org
박영길,88253,부산광역시 강동구 백제고분083길 755-69 (성현노마을),도윤김박타운 261호,070-2865-9658,ebae@example.org
이은주,57642,강원도 부천시 원미구 잠실길 504-20 (지혜양리),동현김타운 444호,063-793-3973,yeongjingim@example.org
김은영,86915,서울특별시 종로구 봉은사36길 547-28,수진황마을 464호,016-186-5977,hgim@example.com
김정자,13331,광주광역시 서대문구 석촌호수04거리 372,미영김아파트 I동 056호,043-504-3062,yi@example.net
김미영,65905,세종특별자치시 도봉구 오금길 625 (경숙김면),현정배심연립 363호,02-7723-1356,hyeonsugyun@example.com
서민재,09542,서울특별시 강북구 반포대486가 524-65,정훈박최타운 B동 217호,031-498-2505,jeongja07@example.com
박상철,88053,대구광역시 구로구 잠실2거리 16 (종수이홍리),아름배오연립,051-535-4472,ijinho@example.com
김영환,19214,경기도 안양시 삼성12로 146,서준박타워 692호,017-234-5102,siu98@example.net
김지혜,71787,대전광역시 광진구 잠실거리 761-68,건우안빌라,061-678-9928,ogjagim@example.org
김은서,85690,인천광역시 중구 개포971로 322,상호박김아파트 E동 293호,031-052-6878,msong@example.org
최영숙,24928,광주광역시 서대문구 잠실53가 448,정훈양김타워 853호,054-980-1520,hyeonjungim@example.org
이경희,72794,제주특별자치도 금산군 테헤란04거리 66-96,옥자진마을 127호,070-8493-1918,hyeonjun22@example.org
이병철,54366,충청남도 안산시 상록구 테헤란거리 839,상현김연립 Q동 844호,070-0314-8285,seongminbag@example.org
김미정,15077,울산광역시 동구 언주6길 474,주원신박연립 595호,052-420-3396,jiyeongan@example.org
황준혁,69207,경기도 청양군 반포대길 671 (하윤박동),지혜이연립,061-250-5676,gimyeongsun@example.org
김우진,08693,서울특별시 중구 언주78거리 지하726,지현김김아파트 444호,052-914-0158,hcoe@example.net
한영수,69335,경상남도 여주시 압구정가 638-38,경희배서아파트,033-529-6958,gweonmyeongja@example.net
박재호,57041,충청남도 안산시 단원구 서초대54가 750-84 (예원장강읍),민재이이타워 864호,051-487-6631,bi@example.com
이영일,84662,강원도 영동군 도산대198거리 740-95,미경한타워 290호,019-350-4200,bagmisug@example.com
김순자,46944,경상남도 옥천군 봉은사3거리 536 (미영황박면),지현이타운 991호,052-518-9089,jjang@example.com
김숙자,42082,경기도 남양주시 언주3로 737,서윤이허빌라 040호,042-169-7831,igyeongja@example.net
윤영진,17342,전라남도 고성군 삼성가 172,우진김김타워,018-994-3105,bgim@example.org
송현주,40703,경상북도 고양시 일산서구 개포로 135,춘자최타워,051-677-4969,hyeonu87@example.com
황미경,34826,부산광역시 강북구 압구정거리 160,채원장아파트 078호,019-434-4899,miyeong65@example.net
최정남,00083,부산광역시 금천구 잠실길 162 (영길한면),성호윤타워 281호,070-3596-3058,donghyeonbag@example.org
김진우,12071,전라남도 안산시 상록구 봉은사774로 771-49,진호김마을,011-014-1674,gimyeonggil@example.com
서지연,59622,전라남도 안양시 도산대527로 지하135 (영자안마을),영숙송김타워 T동 557호,051-620-9170,gimseonyeong@example.org
김옥자,50178,강원도 광주시 삼성966거리 994,아름박정연립 117호,062-669-2844,jongsu52@example.org
황준혁,50548,서울특별시 동대문구 반포대32로 62-97 (성수이읍),은정장정빌라 O동 436호,063-073-2175,jbag@example.net
박예은,22582,전라북도 영월군 압구정로 381-71 (시우오김동),현정박이타워 440호,053-793-4834,seoyeongim@example.org
안지아,99007,충청북도 서산시 테헤란거리 816 (예준박마을),현정김박빌라,016-736-4610,jeongsugi@example.net
김현우,59840,서울특별시 남구 압구정로 846 (준혁차읍),경자송아파트,017-197-6031,wgim@example.com
윤도윤,77302,인천광역시 성동구 도산대971가 949-19,아름이김타운 511호,031-651-7979,dbag@example.net
신준호,50614,전라남도 청양군 서초대길 604-94 (경희한박동),지혜김타워 I동 970호,02-7515-8477,asong@example.org
이준서,88440,세종특별자치시 서구 서초중앙가 375-13 (민재김동),현우김아파트,032-685-5422,lhong@example.com
한혜진,94817,대구광역시 중구 개포거리 762 (수민황양읍),진우최타워 191호,010-3753-7541,coejiyeong@example.com
김채원,82857,제주특별자치도 수원시 영통구 압구정10길 825,하윤김타운,017-966-3468,ti@example.net
이예지,44334,대전광역시 금천구 논현길 750 (은지김김마을),선영이아파트 232호,062-860-3550,hongseojun@example.org
이지원,20613,전라남도 청양군 잠실길 302-30,영진조이마을 Q동 243호,053-025-6223,mijeonggim@example.com
김예지,45249,서울특별시 중구 서초중앙1가 지하832 (예준안리),경희김박타워 바동 389호,016-399-1477,jiminbag@example.com
서승현,78528,강원도 수원시 권선구 가락로 944,정훈송타워 T동 521호,010-8891-0575,yeongsu11@example.com
